"","length_own","length_matdis","length_bond","length_illchild","length_illparent","length_illspouse","resp_len","unaffordable","recStatePay"
"1961",35,0,0,0,0,0,1,NA,0
"935",0,0,0,0,0,0,0,NA,NA
"1676",0,0,15,0,0,0,0,NA,0
"999",0,0,0,0,0,0,0,NA,NA
"1143",10,0,0,0,0,0,0,NA,0
"164",25,0,0,0,0,0,0,NA,0
"1962",2,0,0,0,0,0,1,0,0
"2772",30,0,0,0,0,0,1,NA,0
"753",0,0,0,0,0,0,0,NA,NA
"2057",0,0,0,0,0,0,0,NA,NA
"1151",0,0,0,0,0,0,0,NA,NA
"476",35,0,0,0,0,0,0,NA,NA
"531",0,0,5,0,0,0,0,NA,1
"1708",20,0,0,0,0,0,0,NA,0
"2421",0,0,0,0,0,0,0,NA,NA
"2017",0,0,0,0,0,0,0,NA,NA
"725",0,0,0,0,0,0,0,NA,NA
"2830",0,0,0,0,15,0,1,0,0
"1003",0,0,0,0,0,0,0,NA,NA
"1560",0,0,0,0,0,0,0,NA,NA
"1033",0,0,0,0,0,0,0,NA,NA
"308",0,0,0,0,0,0,0,NA,NA
"2242",4,0,0,0,0,0,0,NA,0
"292",0,0,0,0,0,5,0,NA,0
"588",0,0,0,0,0,0,0,NA,NA
"2678",5,0,0,0,0,0,0,NA,0
"854",45,0,0,0,0,0,0,NA,0
"251",45,0,0,0,0,0,0,NA,NA
"1280",0,0,0,0,0,0,0,NA,NA
"2011",0,0,0,0,0,0,0,NA,NA
"917",10,0,0,0,0,0,1,NA,0
"1934",0,0,0,0,0,0,0,NA,NA
"2348",0,0,0,0,0,0,0,NA,NA
"1598",0,0,0,0,0,0,0,NA,NA
"315",60,0,0,0,0,0,0,NA,0
"1382",0,0,0,0,0,10,1,NA,0
"869",16,0,0,0,0,0,1,NA,0
"2300",6,0,0,0,0,0,1,NA,0
"115",3,0,0,0,0,0,0,NA,0
"906",0,0,0,0,0,0,0,NA,NA
"2646",0,0,0,0,0,0,0,NA,NA
"2567",0,0,0,0,0,0,0,NA,NA
"75",0,0,0,0,0,0,0,0,NA
"1788",0,0,0,0,0,0,0,NA,NA
"74",0,0,0,0,0,8,1,NA,0
"536",113,0,0,0,0,0,1,0,0
"2260",0,0,0,0,0,0,0,NA,NA
"1196",0,0,0,0,0,0,0,NA,NA
"149",0,0,0,0,0,0,0,NA,NA
"62",0,0,0,0,0,0,0,NA,NA
"1456",0,0,0,0,0,0,0,0,NA
"1399",0,0,0,0,0,0,0,NA,NA
"2149",0,0,0,0,0,0,0,NA,NA
"1726",0,0,0,0,0,0,0,NA,NA
"940",0,0,0,0,0,0,0,NA,NA
"1883",23,0,0,0,0,0,1,NA,0
"1327",0,0,0,0,0,0,0,NA,NA
"2209",NA,0,0,0,0,0,0,NA,1
"2133",60,0,0,0,0,0,1,NA,0
"684",0,0,0,0,0,0,0,0,NA
"2114",20,0,0,0,0,0,0,NA,0
"1774",0,0,0,0,0,0,0,NA,NA
"813",0,0,0,0,0,0,1,1,NA
"653",0,0,0,0,0,0,0,NA,NA
"2539",0,0,0,0,0,0,0,NA,NA
"1403",1,0,0,0,0,0,0,NA,0
"1888",0,0,0,0,0,0,0,0,NA
"441",10,0,0,0,0,0,0,NA,0
"1825",0,0,0,0,0,0,0,NA,NA
"1831",0,0,0,0,0,0,0,NA,NA
"1634",0,0,0,0,0,0,1,1,NA
"1930",0,0,0,0,0,0,0,NA,NA
"924",8,0,0,0,0,0,1,0,0
"1932",0,0,0,0,0,0,0,NA,NA
"2060",12,0,0,0,0,0,0,NA,1
"794",0,0,0,0,0,0,1,1,NA
"537",0,0,0,0,0,0,0,NA,0
"1116",0,0,0,0,0,0,0,NA,NA
"1770",0,0,0,0,0,0,0,NA,0
"1195",68,0,0,0,0,0,0,NA,1
"2407",0,0,0,1,0,0,0,NA,NA
"938",7,0,0,0,0,0,0,NA,0
"1044",0,0,0,0,0,0,0,NA,NA
"796",0,0,0,0,0,0,0,NA,NA
"1341",0,0,0,0,0,0,0,NA,NA
"1543",0,0,0,0,0,0,0,NA,NA
"2028",0,0,0,0,0,0,0,NA,NA
"2367",0,0,0,0,0,0,0,NA,NA
"2069",5,0,0,0,0,0,0,NA,0
"2347",0,0,0,0,0,0,0,0,NA
"1368",0,50,0,0,0,0,0,1,NA
"2146",25,0,0,0,0,0,0,NA,0
"25",35,0,0,0,0,0,0,0,0
"1302",0,0,0,0,0,0,1,1,0
"324",0,0,0,0,0,0,0,NA,NA
"918",23,0,0,0,0,0,1,0,0
"2084",113,0,0,0,0,0,0,NA,0
"2329",0,0,0,0,0,0,0,NA,NA
"2184",10,0,0,0,0,0,1,NA,0
"2277",0,0,0,0,0,0,0,NA,NA
"1358",0,0,0,0,0,0,0,NA,NA
"2085",45,0,0,0,0,0,0,NA,0
"827",0,0,0,36,0,0,1,NA,1
"184",0,0,0,0,0,0,0,NA,NA
"2725",0,0,0,0,0,0,0,NA,NA
"2759",5,0,0,0,0,0,0,NA,0
"1305",0,0,0,0,0,0,0,NA,NA
"1343",0,0,0,0,0,0,0,NA,NA
"735",0,0,0,0,0,0,0,NA,NA
"40",0,0,0,0,0,0,0,NA,NA
"1263",0,0,0,0,0,0,1,1,NA
"697",0,0,0,5,0,0,0,NA,0
"113",0,10,0,0,0,0,0,NA,0
"2577",0,0,0,0,NA,0,0,NA,0
"927",0,0,0,0,0,0,0,NA,NA
"996",0,0,0,0,0,0,1,NA,0
"1342",0,0,0,0,0,0,0,NA,NA
"1181",NA,0,NA,NA,NA,0,1,0,0
"360",0,0,0,0,0,0,0,NA,NA
"2586",0,0,0,0,0,0,0,NA,NA
"120",15,0,0,0,0,0,1,NA,1
"1243",0,0,0,0,0,NA,0,NA,0
"2628",0,0,0,0,0,0,0,NA,NA
"1664",0,0,0,0,0,0,0,NA,NA
"780",0,0,0,0,0,0,0,NA,NA
"1620",0,0,2,0,0,0,0,0,0
"674",0,0,0,0,22,0,1,NA,0
"1348",NA,0,0,0,0,0,1,NA,0
"298",0,0,0,0,0,0,0,NA,NA
"2206",0,0,0,0,0,0,0,NA,NA
"1848",0,0,10,0,0,0,0,NA,0
"1177",0,0,0,0,0,0,0,0,NA
"2217",0,0,1,0,0,0,0,NA,0
"2190",0,0,0,0,0,0,0,NA,NA
"544",0,0,0,0,0,0,1,NA,0
"2171",23,0,0,0,0,0,0,NA,0
"2789",0,0,0,0,0,0,0,NA,NA
"522",5,0,0,0,0,0,0,NA,0
"2358",0,0,0,0,0,0,0,NA,NA
"2851",0,0,0,0,0,0,1,1,NA
"93",0,0,0,8,0,0,1,NA,0
"843",0,0,0,0,0,0,0,NA,NA
"1261",0,0,0,0,0,0,0,NA,NA
"1149",5,0,0,0,0,0,0,NA,1
"1204",0,0,45,0,0,0,0,NA,0
"45",0,0,0,0,0,0,0,NA,NA
"1193",0,0,0,0,0,0,0,NA,NA
"1716",0,0,0,0,0,0,0,NA,NA
"1095",0,0,0,0,10,0,1,NA,0
"1593",47,0,0,0,0,0,0,1,0
"2350",0,0,0,0,0,0,0,0,NA
"1942",0,0,0,0,0,0,0,NA,NA
"381",20,0,0,0,0,0,1,1,0
"609",0,0,0,0,0,0,0,NA,NA
"2610",0,0,0,0,0,20,0,NA,0
"54",0,0,0,0,0,0,0,NA,NA
"973",0,0,0,0,0,0,0,NA,NA
"2079",3,0,0,0,0,0,0,NA,0
"1426",0,0,0,0,0,0,0,NA,NA
"1503",0,0,0,0,0,0,0,NA,NA
"180",10,0,0,0,0,0,1,NA,0
"1603",0,0,0,0,0,0,0,NA,NA
"1414",0,0,0,0,0,0,0,0,NA
"2743",0,0,0,0,2,0,0,NA,0
"1605",0,0,0,0,0,0,0,NA,1
"1186",0,0,0,0,10,0,1,NA,0
"2168",0,0,0,0,0,0,0,NA,NA
"1064",0,0,0,0,0,0,0,NA,NA
"1460",0,0,0,0,0,0,0,NA,NA
"2286",0,0,0,0,0,0,0,NA,NA
"1477",0,0,0,0,0,0,0,NA,NA
"1537",0,0,0,0,0,0,0,NA,NA
"1826",5,0,0,0,0,0,0,NA,0
"2204",0,0,0,0,0,0,0,NA,NA
"1563",45,0,0,0,0,0,0,NA,0
"110",0,0,0,0,0,0,0,NA,NA
"1049",0,0,0,0,0,0,0,NA,NA
"1473",5,0,0,0,0,0,0,NA,0
"1036",0,0,0,0,0,0,0,NA,NA
"1972",0,0,0,0,0,0,0,NA,NA
"2699",0,0,0,0,0,0,0,NA,NA
"1502",0,40,0,0,0,0,1,NA,0
"1156",0,0,0,0,0,0,0,0,NA
"420",0,0,0,0,0,0,0,NA,NA
"2414",0,0,0,50,0,0,1,0,0
"1700",0,0,0,0,5,0,1,NA,0
"2050",40,0,0,0,0,0,1,NA,0
"912",0,0,0,0,0,0,0,NA,NA
"389",0,0,0,0,0,0,0,NA,0
"1100",0,0,0,0,0,0,0,NA,NA
"2216",0,0,0,0,0,0,1,1,NA
"2148",0,0,0,0,0,0,0,NA,NA
"1180",5,0,0,0,0,0,0,NA,0
"119",0,0,0,0,0,0,1,NA,0
"2310",0,0,0,0,0,0,1,1,NA
"2788",4,0,0,0,0,0,0,NA,0
"1164",135,0,0,0,0,0,1,NA,1
"1338",0,0,0,0,0,0,1,1,NA
"1443",0,0,0,0,0,0,0,NA,NA
"1547",0,0,0,0,0,0,0,NA,NA
"1580",0,0,0,0,0,0,0,NA,NA
"278",0,0,0,0,0,0,0,NA,NA
"171",10,0,0,0,0,0,1,NA,0
"548",0,0,0,0,0,0,1,1,NA
"1483",0,0,0,0,0,0,0,NA,NA
"390",0,0,0,0,0,0,0,NA,0
"1449",0,0,0,0,0,0,0,NA,NA
"1199",10,0,0,0,0,0,0,NA,0
"1917",0,0,0,0,0,0,1,1,NA
"703",0,0,0,0,0,0,0,NA,NA
"2445",30,0,0,0,0,0,0,NA,0
"1956",30,0,0,0,0,0,0,NA,0
"948",0,0,0,0,0,0,0,NA,NA
"2782",10,0,0,0,0,0,0,NA,0
"2040",5,0,0,0,0,0,1,NA,0
"395",0,0,0,0,0,0,0,NA,NA
"2212",23,0,0,0,0,0,0,NA,0
"218",25,0,0,0,0,0,0,NA,0
"2836",0,0,0,0,0,0,0,NA,NA
"966",35,0,0,0,0,0,0,NA,1
"714",68,0,0,0,0,0,1,NA,0
"1200",0,0,0,0,0,0,0,NA,NA
"2623",0,0,0,0,0,0,0,NA,NA
"1258",45,0,0,0,0,0,1,0,0
"2200",0,0,0,0,0,0,0,NA,NA
"306",20,0,0,0,0,0,0,1,0
"1510",7,0,0,0,0,0,1,NA,0
"1975",0,0,0,0,15,0,1,NA,0
"1379",0,0,0,0,0,0,0,NA,NA
"1002",0,0,0,0,0,0,0,NA,NA
"2754",0,30,0,0,0,0,0,NA,0
"1540",15,0,0,0,0,0,1,NA,0
"2823",0,225,0,0,0,0,0,NA,0
"2323",0,0,0,0,0,0,1,1,NA
"2391",4,0,0,0,0,0,1,NA,0
"238",0,0,0,0,0,0,0,NA,0
"1587",0,0,0,0,0,0,0,NA,NA
"1218",0,0,0,0,0,0,0,NA,NA
"504",0,0,0,0,0,0,0,NA,NA
"1574",0,0,0,0,5,0,0,NA,0
"2225",40,0,0,0,0,0,1,NA,0
"252",0,0,0,0,0,0,0,NA,NA
"1642",203,0,0,0,0,0,0,NA,0
"532",0,0,0,0,0,0,0,NA,NA
"213",15,0,0,0,0,0,0,NA,0
"2328",0,0,0,0,0,0,0,NA,NA
"2118",0,0,0,0,0,0,0,NA,NA
"2025",0,45,0,0,0,0,0,NA,0
"1952",15,0,0,0,0,0,0,NA,0
"1233",5,0,0,0,0,0,0,NA,0
"1447",0,0,0,0,0,0,0,NA,NA
"1201",0,0,0,0,0,0,0,NA,NA
"1112",0,338,0,0,0,0,0,NA,0
"63",0,0,0,0,0,0,0,NA,NA
"693",65,0,0,0,0,0,0,0,0
"700",20,0,0,0,0,0,0,NA,0
"2805",15,0,0,0,0,0,1,NA,0
"1282",0,0,0,0,0,0,0,NA,NA
"2185",90,0,0,0,0,0,0,NA,0
"2137",10,0,0,0,0,0,1,0,0
"2775",0,0,0,0,0,0,0,NA,NA
"1043",0,0,0,0,0,0,0,NA,NA
"704",0,0,0,0,0,0,1,1,NA
"962",0,0,0,0,0,0,0,NA,NA
"103",8,0,0,0,0,0,0,NA,NA
"2609",10,0,0,0,0,0,0,NA,0
"322",0,0,0,0,0,0,0,NA,NA
"1254",20,0,0,0,0,0,1,NA,0
"1539",0,0,0,0,0,0,0,NA,NA
"920",0,0,0,0,0,0,0,NA,NA
"670",68,0,0,0,0,0,0,NA,0
"574",0,0,0,0,0,0,0,NA,NA
"1995",0,0,0,0,0,0,0,0,NA
"139",0,0,0,0,0,0,0,NA,NA
"2012",0,0,2,0,0,0,0,NA,0
"507",20,0,0,0,0,0,0,NA,0
"2177",0,0,0,0,0,0,0,NA,NA
"1872",0,0,0,0,0,1,0,NA,0
"41",0,0,0,0,0,0,0,NA,NA
"1383",0,0,0,0,0,0,0,NA,NA
"224",0,0,0,0,0,0,0,0,NA
"2174",0,0,0,0,0,0,0,NA,NA
"1594",0,0,0,0,0,0,1,1,NA
"1416",0,0,0,0,0,0,0,NA,NA
"2465",5,0,0,0,0,0,0,NA,0
"2261",0,0,0,0,0,0,0,NA,NA
"1009",0,0,0,0,0,0,0,NA,NA
"1357",0,0,0,0,0,10,0,NA,0
"1369",0,0,0,0,0,0,0,NA,NA
"515",0,0,0,0,0,5,0,NA,0
"2552",0,0,0,0,5,0,1,NA,0
"1720",0,0,0,0,0,0,0,0,NA
"694",0,0,0,0,0,0,0,NA,NA
"834",0,0,0,0,0,0,0,NA,NA
"27",0,0,15,0,0,0,0,NA,0
"2404",0,0,0,0,0,0,1,NA,0
"1912",0,0,0,0,0,0,0,NA,NA
"643",20,0,0,0,0,0,1,NA,0
"851",20,0,0,0,0,0,0,NA,0
"1062",0,0,0,0,0,0,0,NA,NA
"936",10,0,0,0,0,0,0,NA,1
"2517",0,0,0,0,0,0,0,NA,NA
"2573",0,0,0,0,0,0,0,0,NA
"1032",0,0,0,0,0,0,0,NA,NA
"2058",0,0,0,0,0,0,0,NA,NA
"1979",0,40,0,0,0,0,1,NA,0
"1685",0,0,0,0,0,0,0,NA,NA
"1728",0,0,0,0,0,0,0,NA,NA
"651",0,0,0,0,0,0,0,NA,NA
"1804",0,0,0,0,0,0,0,NA,NA
"1693",0,0,0,0,0,68,1,NA,0
"2398",0,0,0,0,0,0,0,NA,NA
"2022",0,0,0,0,0,0,0,NA,NA
"2020",0,4,0,0,0,0,1,NA,0
"243",0,0,0,0,0,0,0,0,NA
"1141",0,0,0,0,0,14,1,NA,NA
"2086",0,0,0,0,0,0,0,NA,NA
"791",5,0,0,0,0,0,0,NA,0
"2619",0,0,0,0,0,10,1,NA,0
"1982",20,0,0,0,0,0,0,NA,0
"188",113,0,0,0,0,0,1,NA,0
"1852",0,0,0,0,0,0,0,NA,NA
"2147",10,0,0,0,0,0,0,NA,0
"2317",0,0,0,0,0,0,0,NA,NA
"2400",4,0,0,0,0,0,0,NA,0
"719",0,0,0,0,0,0,0,NA,NA
"1919",135,0,0,0,0,0,1,NA,0
"911",0,0,0,0,0,0,0,NA,NA
"318",0,0,0,0,0,0,1,1,NA
"1132",0,45,0,0,0,0,0,NA,0
"490",0,0,0,0,0,0,0,NA,NA
"2537",0,0,0,0,10,0,1,NA,0
"1157",0,0,0,0,0,0,0,NA,NA
"730",0,0,0,0,0,0,0,NA,NA
"2474",0,0,0,0,0,0,0,NA,NA
"123",0,0,0,0,0,0,0,NA,NA
"2188",0,0,0,0,0,0,0,NA,NA
"484",0,0,0,0,0,0,0,0,NA
"844",30,0,0,0,0,0,1,NA,0
"2682",0,0,0,0,0,0,0,NA,NA
"118",0,0,5,0,0,0,1,NA,0
"1289",0,0,45,0,0,0,1,NA,0
"2781",0,0,0,0,0,0,0,NA,NA
"2766",90,0,0,0,0,0,0,NA,0
"868",3,0,0,0,0,0,0,0,0
"1694",0,0,0,0,0,0,0,NA,NA
"31",35,0,0,0,0,0,1,NA,0
"1760",0,0,0,0,0,0,0,NA,NA
"2502",5,0,0,0,0,0,0,0,0
"3",0,0,68,0,0,0,1,NA,0
"2529",30,0,0,0,0,0,0,NA,0
"1752",4,0,0,0,0,0,0,NA,0
"1347",0,0,60,0,0,0,1,NA,0
"237",0,0,0,15,0,0,1,0,0
"810",0,0,0,0,8,0,1,0,0
"1654",30,0,0,0,0,0,1,NA,0
"196",30,0,0,0,0,0,0,NA,0
"369",10,0,0,0,0,0,0,NA,0
"861",0,0,0,0,0,0,0,NA,NA
"2662",0,0,0,0,0,0,0,NA,NA
"1545",0,0,0,0,0,0,0,NA,NA
"2049",0,0,0,0,0,0,0,NA,NA
"415",0,0,0,0,10,0,0,0,0
"2634",113,0,0,0,0,0,0,NA,1
"1906",0,0,0,0,0,0,0,NA,NA
"2658",0,0,0,0,0,0,0,NA,NA
"1197",0,0,0,0,0,0,0,NA,NA
"440",0,0,0,0,0,0,0,0,NA
"1466",0,0,0,0,0,0,0,NA,NA
"1750",0,0,0,0,0,0,0,NA,NA
"2125",0,0,0,0,1,0,0,NA,0
"1696",45,0,0,0,0,0,0,NA,1
"893",0,0,0,0,0,0,0,NA,NA
"1552",0,0,0,0,0,0,0,NA,NA
"2514",0,0,0,0,0,0,0,NA,NA
"1367",4,0,0,0,0,0,0,NA,0
"2466",0,0,0,1,0,0,0,NA,0
"2227",0,0,0,0,0,0,0,NA,NA
"1922",6,0,0,0,0,0,1,NA,0
"2683",0,0,0,0,0,0,0,NA,NA
"1318",10,0,0,0,0,0,0,NA,0
"2175",0,0,0,0,0,0,0,NA,NA
"590",45,0,0,0,0,0,0,NA,0
"2672",0,0,0,0,0,0,0,NA,NA
"534",NA,0,0,NA,NA,0,0,NA,0
"1532",0,0,0,0,0,0,0,NA,NA
"2564",0,0,0,0,0,135,0,NA,0
"826",0,0,0,0,12,0,1,0,0
"564",0,0,0,0,0,0,0,NA,NA
"2160",0,0,0,0,0,0,0,NA,NA
"2316",0,0,0,0,0,0,0,NA,NA
"969",0,0,0,0,0,0,0,NA,NA
"352",0,0,0,0,270,0,1,NA,0
"82",20,0,0,0,0,0,0,NA,NA
"2431",0,0,0,0,0,0,0,NA,NA
"483",0,0,0,0,0,0,0,NA,NA
"321",0,0,0,0,0,0,0,NA,NA
"1486",15,0,0,0,0,0,0,NA,1
"1179",0,45,0,0,0,0,1,NA,0
"2239",0,0,0,0,0,0,0,NA,NA
"1518",15,0,0,0,0,0,1,NA,0
"1445",540,0,0,0,0,0,0,NA,0
"1815",0,0,0,0,0,0,0,NA,NA
"970",158,0,0,0,0,0,1,NA,1
"2250",90,0,0,0,0,0,1,NA,1
"86",0,0,0,0,0,0,0,NA,NA
"2687",0,0,0,0,7,0,0,NA,0
"2077",68,0,0,0,0,0,0,NA,0
"2301",0,0,0,0,0,5,1,NA,0
"2054",0,0,0,0,0,0,0,NA,NA
"1350",0,0,0,0,0,0,0,NA,NA
"2548",23,0,0,0,0,0,0,NA,0
"2718",0,0,0,0,0,0,0,NA,NA
"284",10,0,0,0,0,0,0,NA,0
"1386",0,0,0,0,0,0,0,NA,NA
"325",20,0,0,0,0,0,0,NA,0
"2138",0,0,0,0,0,0,0,NA,NA
"89",23,0,0,0,0,0,1,NA,0
"882",7,0,0,0,0,0,0,NA,0
"1785",NA,0,0,0,0,0,0,NA,0
"914",0,0,0,0,0,0,0,NA,NA
"1008",0,0,0,0,0,0,0,NA,NA
"822",0,0,0,0,0,0,0,NA,NA
"185",0,0,0,0,0,7,0,NA,0
"233",0,0,0,0,0,0,0,NA,NA
"967",0,0,0,0,0,0,0,NA,NA
"1939",0,0,0,0,0,0,0,NA,NA
"776",0,0,0,0,0,0,0,NA,NA
"8",0,0,0,0,0,0,0,NA,NA
"1897",10,0,0,0,0,0,0,NA,0
"1624",0,0,0,0,0,3,0,NA,0
"1844",10,0,0,0,0,0,0,NA,0
"2038",5,0,NA,0,0,0,0,NA,NA
"1705",4,0,0,0,0,0,1,NA,0
"144",50,0,0,0,0,0,1,NA,0
"283",0,0,0,0,0,0,0,NA,NA
"695",0,0,0,0,0,0,0,NA,NA
"1578",0,0,0,0,0,0,1,1,NA
"1056",10,0,0,0,0,0,0,NA,0
"977",0,0,0,0,0,0,0,NA,NA
"1507",0,0,0,0,0,0,0,NA,NA
"2107",0,0,0,0,0,0,0,NA,NA
"2037",15,0,0,0,0,0,0,NA,0
"2695",0,0,0,0,0,0,0,0,NA
"493",45,0,0,0,0,0,0,NA,1
"1776",0,10,0,0,0,0,0,NA,0
"2703",5,0,0,0,0,0,1,NA,0
"2752",0,0,0,0,0,23,1,NA,0
"32",0,0,0,0,0,0,0,NA,NA
"2246",8,0,0,0,0,0,1,NA,0
"2654",0,0,0,0,0,0,0,NA,NA
"2490",0,23,0,0,0,0,1,NA,0
"2810",0,0,0,0,0,0,0,NA,NA
"2627",23,0,0,0,0,0,0,NA,0
"1984",0,0,7,0,0,0,1,NA,NA
"1838",0,0,0,0,15,0,0,NA,0
"1401",6,0,0,0,0,0,0,NA,0
"2815",0,0,30,0,0,0,1,NA,0
"1741",0,0,0,0,0,0,0,NA,0
"2119",0,0,0,0,0,0,0,NA,NA
"1396",0,0,0,0,0,0,0,NA,NA
"506",0,0,0,0,0,0,0,NA,NA
"2303",0,0,10,0,0,0,1,NA,0
"2491",215,0,0,0,0,0,0,NA,0
"1595",50,0,0,0,0,0,1,NA,0
"1850",0,0,0,0,0,0,0,NA,NA
"372",0,0,0,0,0,0,0,NA,NA
"1734",0,0,5,0,0,0,1,NA,0
"182",0,0,0,12,0,0,1,1,0
"676",0,40,0,0,0,0,1,NA,0
"56",0,0,0,0,0,0,0,NA,NA
"741",0,0,0,0,0,0,0,NA,NA
"2176",0,0,0,0,0,0,0,NA,NA
"1092",0,0,0,0,0,23,0,NA,0
"295",23,0,0,0,0,0,1,NA,0
"1881",0,0,0,1,0,0,0,0,NA
"525",0,68,0,0,0,0,0,NA,0
"2460",0,0,0,0,0,0,0,NA,NA
"1117",0,0,0,0,0,0,0,NA,NA
"2470",0,0,0,0,0,0,0,NA,NA
"2183",0,0,0,0,0,0,0,NA,NA
"774",4,0,0,0,0,0,1,NA,NA
"2647",0,0,0,0,0,0,0,NA,NA
"2438",10,0,0,0,0,0,1,0,0
"399",0,0,0,0,0,0,0,NA,0
"407",0,0,0,0,0,0,0,NA,NA
"2452",0,0,0,0,0,0,0,NA,NA
"816",0,0,0,0,0,0,0,NA,NA
"2055",13,0,0,0,0,0,0,NA,0
"2029",15,0,0,0,0,0,0,NA,0
"194",0,0,0,0,0,0,0,NA,NA
"767",0,60,0,0,0,0,1,NA,0
"1225",0,0,0,0,10,0,1,0,0
"1944",15,0,0,0,0,0,1,NA,0
"607",45,0,0,0,0,0,0,NA,0
"261",0,0,0,0,0,0,0,0,NA
"931",0,0,0,0,0,0,0,NA,NA
"2666",0,0,0,0,270,0,0,NA,0
"442",5,0,0,0,0,0,1,NA,0
"1013",0,0,0,0,0,0,0,NA,NA
"2485",0,0,0,0,0,0,0,NA,NA
"1771",0,0,0,0,0,0,0,NA,NA
"1647",15,0,0,0,0,0,1,NA,NA
"1859",0,0,0,0,0,0,0,NA,NA
"99",0,0,0,0,0,0,0,NA,NA
"131",0,0,0,0,0,0,0,NA,NA
"750",0,0,0,0,0,0,0,NA,0
"1442",0,0,0,0,0,0,0,NA,NA
"2240",0,0,0,0,0,0,0,NA,NA
"77",0,0,0,0,0,0,0,NA,NA
"709",0,0,0,0,0,0,0,NA,NA
"1484",30,0,0,0,0,0,0,NA,0
"64",30,0,0,0,0,0,0,NA,0
"2482",0,40,0,0,0,0,1,NA,0
"1241",35,0,0,0,0,0,0,NA,1
"478",0,0,0,0,0,0,0,NA,NA
"1725",20,0,0,0,0,0,0,1,0
"510",0,0,0,0,0,0,0,NA,NA
"1746",0,0,0,0,0,0,0,NA,0
"1546",0,0,0,0,0,0,0,NA,NA
"332",0,0,0,0,0,0,0,NA,NA
"1259",0,0,0,0,0,0,0,NA,NA
"2530",0,0,0,0,0,0,0,NA,NA
"186",0,0,0,0,0,0,0,NA,NA
"2158",15,0,0,0,0,0,0,NA,0
"2428",15,0,0,0,0,0,1,NA,NA
"14",0,0,0,0,0,0,0,NA,NA
"275",0,0,0,0,0,0,0,NA,NA
"1082",0,0,0,0,0,0,0,NA,NA
"18",1,0,0,0,0,0,0,NA,0
"1402",0,0,0,1,0,0,1,NA,0
"1097",0,0,13,0,0,0,1,NA,0
"2543",0,0,0,0,0,0,0,NA,NA
"2673",0,0,0,0,0,0,1,1,NA
"968",0,0,0,0,0,0,0,NA,NA
"2153",0,0,0,0,0,0,0,NA,0
"1136",0,0,0,0,0,0,0,NA,NA
"2034",0,0,0,0,0,0,0,NA,NA
"2621",0,0,0,0,0,0,0,NA,NA
"829",0,0,0,0,0,0,0,NA,NA
"1567",0,40,0,0,0,0,0,NA,0
"1965",0,0,0,0,10,0,0,NA,0
"1214",0,0,0,0,0,0,0,NA,NA
"2000",0,55,0,0,0,0,1,NA,0
"2248",0,0,0,0,0,0,0,NA,NA
"521",0,0,20,0,0,0,0,NA,0
"1623",15,0,0,0,0,0,0,NA,0
"76",0,0,0,0,0,0,1,NA,0
"817",0,0,0,0,0,0,0,NA,NA
"886",23,0,0,0,0,0,0,NA,0
"2207",160,0,0,0,0,0,1,NA,0
"1904",0,0,0,0,0,0,0,0,NA
"1042",0,0,0,0,0,0,0,NA,NA
"2831",10,0,0,0,0,0,0,NA,NA
"2749",0,0,0,0,0,0,0,NA,NA
"546",60,0,0,0,0,0,1,NA,0
"2714",0,0,0,0,20,0,1,NA,0
"1643",0,0,0,0,0,0,0,NA,NA
"461",0,0,0,0,0,0,0,NA,NA
"153",0,0,0,0,0,0,0,NA,NA
"1297",5,0,0,0,0,0,1,NA,0
"958",0,0,0,4,0,0,1,NA,1
"2027",90,0,0,0,0,0,0,NA,0
"619",0,0,0,0,0,0,0,NA,NA
"1309",30,0,0,0,0,0,0,NA,0
"2722",0,0,0,0,0,0,0,NA,NA
"2059",7,0,0,0,0,0,1,NA,0
"2633",0,0,0,0,0,0,0,NA,NA
"852",0,0,0,0,0,0,0,NA,NA
"2139",0,0,0,0,0,0,0,0,NA
"2800",0,0,15,0,0,0,1,NA,0
"1766",5,0,0,0,0,0,1,NA,0
"1187",0,0,0,0,0,0,0,NA,NA
"2675",0,0,0,0,0,0,1,1,NA
"2453",6,0,0,0,0,0,0,NA,0
"570",0,68,0,0,0,0,1,NA,0
"2711",0,0,0,0,0,0,0,NA,NA
"2797",0,0,0,0,0,15,0,NA,0
"1505",0,0,0,0,0,0,0,NA,NA
"201",0,0,0,0,0,0,0,NA,NA
"1052",5,0,0,0,0,0,1,NA,0
"1418",0,0,0,0,0,0,0,NA,NA
"1989",90,0,0,0,0,0,0,0,0
"1512",0,0,0,0,0,0,0,NA,NA
"154",0,0,0,4,0,0,1,NA,0
"2189",45,0,0,0,0,0,0,NA,0
"234",0,0,0,0,0,0,0,NA,NA
"2159",0,0,0,0,0,0,0,NA,NA
"1516",0,0,0,0,0,0,0,NA,NA
"1063",0,0,0,0,0,0,0,NA,NA
"1005",0,0,0,0,0,0,0,NA,NA
"1936",0,0,0,0,0,0,0,NA,NA
"2251",0,0,0,0,0,0,0,NA,NA
"766",0,0,0,25,0,0,0,NA,0
"1315",0,0,0,0,0,0,0,NA,NA
"1410",0,0,0,5,0,0,0,NA,0
"2684",5,0,0,0,0,0,1,0,0
"2520",0,0,0,0,0,0,0,NA,NA
"1927",0,0,0,0,0,0,0,NA,NA
"1562",0,0,0,0,0,2,0,NA,0
"1230",0,0,0,0,0,0,0,NA,NA
"2019",0,0,0,0,0,0,0,NA,NA
"2584",15,0,0,0,0,0,0,NA,1
"784",0,0,0,0,0,0,0,NA,NA
"191",0,0,0,0,0,0,0,NA,NA
"2291",0,0,0,0,0,0,0,NA,NA
"2264",0,0,0,0,0,0,0,NA,NA
"2343",0,0,2,0,0,0,0,NA,0
"1472",0,0,0,0,0,0,0,NA,NA
"857",0,0,0,0,10,0,0,NA,0
"849",30,0,0,0,0,0,1,NA,0
"2296",5,0,0,0,0,0,0,NA,0
"1129",0,0,0,0,0,0,0,NA,NA
"880",0,0,0,0,0,0,0,NA,NA
"1887",0,0,0,0,0,0,0,0,NA
"1173",45,0,0,0,0,0,1,0,0
"1312",0,0,0,0,0,0,0,NA,NA
"2192",0,0,0,0,0,0,0,0,NA
"1029",0,0,0,0,0,10,1,NA,1
"1697",0,60,0,0,0,0,1,NA,0
"2081",0,45,0,0,0,0,1,NA,0
"2282",15,0,0,0,0,0,0,NA,0
"591",0,0,0,0,0,0,1,1,NA
"2447",90,0,0,0,0,0,1,NA,0
"1671",30,0,0,0,0,0,1,NA,0
"2336",0,0,0,0,0,0,0,0,NA
"916",0,0,90,0,0,0,1,NA,0
"613",0,0,0,0,0,0,0,NA,NA
"2016",0,0,0,0,0,0,0,NA,NA
"1856",10,0,0,0,0,0,0,NA,0
"1811",0,0,0,0,0,0,0,NA,NA
"1256",0,0,0,0,0,0,0,NA,NA
"248",0,0,0,0,0,0,1,1,NA
"547",0,0,0,0,0,0,0,NA,NA
"1951",0,0,0,0,0,0,0,0,NA
"1840",45,0,0,0,0,0,1,1,0
"112",0,0,0,0,0,0,0,NA,NA
"804",0,0,0,0,0,0,0,NA,NA
"1559",1,0,0,0,0,0,0,0,NA
"1530",0,0,0,0,0,0,0,NA,NA
"1880",0,0,0,0,0,0,0,NA,NA
"1890",0,0,0,0,8,0,0,NA,0
"1226",0,0,0,0,0,0,0,NA,NA
"2344",45,0,0,0,0,0,1,NA,NA
"2063",55,0,0,0,0,0,1,NA,0
"1889",0,0,0,0,0,0,0,NA,NA
"1276",0,0,0,0,0,6,0,NA,0
"1236",15,0,0,0,0,0,1,NA,0
"1221",0,0,0,0,0,0,0,NA,NA
"1860",0,0,0,0,0,0,0,NA,NA
"1670",5,0,0,0,0,0,0,NA,0
"2002",35,0,0,0,0,0,1,0,1
"543",0,0,0,0,0,0,0,NA,NA
"1481",0,0,0,0,0,0,0,NA,NA
"2551",0,5,0,0,0,0,1,NA,0
"402",0,0,0,0,0,0,1,NA,0
"2095",45,0,0,0,0,0,1,0,1
"1189",0,0,0,5,0,0,0,NA,0
"1660",0,0,0,0,0,0,1,1,NA
"612",0,0,0,0,0,0,0,NA,NA
"964",0,0,0,0,0,3,0,NA,0
"1977",0,113,0,0,0,0,1,NA,0
"2043",0,0,0,0,0,0,0,NA,NA
"255",0,0,0,0,0,0,0,NA,NA
"60",0,0,0,0,0,0,1,1,NA
"2472",65,0,0,0,0,0,0,NA,0
"1286",0,0,0,0,0,0,0,NA,NA
"1265",0,68,0,0,0,0,0,0,0
"2403",135,0,0,0,0,0,0,NA,0
"1958",0,0,0,0,0,0,0,NA,NA
"878",0,0,0,5,0,0,1,NA,0
"2312",0,0,0,0,0,0,0,NA,NA
"654",0,0,0,0,0,0,0,NA,NA
"2439",0,0,0,0,0,0,0,NA,NA
"1610",0,0,0,0,0,0,0,0,NA
"957",0,0,0,0,0,0,0,NA,NA
"2346",0,0,4,0,0,0,0,NA,0
"1722",0,0,0,0,0,0,0,NA,NA
"1045",0,0,0,0,0,0,1,NA,0
"907",45,0,0,0,0,0,0,1,1
"1091",0,0,0,0,0,0,0,NA,NA
"1914",0,0,5,0,0,0,0,NA,0
"760",12,0,0,0,0,0,1,0,0
"88",0,0,0,0,0,0,0,NA,NA
"1285",0,0,0,0,0,0,0,NA,NA
"1751",0,0,0,0,0,0,0,NA,NA
"990",30,0,0,0,0,0,0,NA,0
"2595",0,0,0,0,0,0,1,1,NA
"976",30,0,0,0,0,0,0,NA,0
"2263",0,0,0,0,0,0,0,NA,NA
"141",0,0,0,0,0,0,0,NA,NA
"2170",30,0,0,0,0,0,0,NA,0
"1799",0,0,0,0,0,0,0,NA,NA
"2071",0,0,0,0,0,0,0,NA,NA
"2379",0,135,0,0,0,0,1,NA,0
"1625",2,0,0,0,0,0,0,NA,0
"1397",0,30,0,0,0,0,1,NA,0
"1711",0,0,0,0,0,0,0,NA,NA
"1742",0,0,0,0,3,0,0,NA,0
"2605",0,0,0,0,0,0,0,NA,NA
"1147",15,0,0,0,0,0,1,NA,0
"329",0,0,0,0,0,0,0,0,NA
"2847",0,0,0,0,0,0,0,NA,NA
"2814",0,0,0,0,0,0,0,NA,NA
"961",15,0,0,0,0,0,1,NA,0
"138",0,0,0,0,0,0,0,NA,NA
"1688",0,0,0,4,0,0,1,0,0
"1820",25,0,0,0,0,0,0,NA,0
"991",0,35,0,0,0,0,1,NA,0
"1307",25,0,0,0,0,0,1,NA,0
"223",0,135,0,0,0,0,1,NA,0
"109",0,0,0,0,0,0,0,NA,NA
"413",68,0,0,0,0,0,0,1,NA
"698",0,6,0,0,0,0,1,1,0
"2720",28,0,0,0,0,0,0,NA,0
"558",0,0,0,0,0,0,1,NA,0
"159",0,0,0,0,0,0,0,NA,NA
"2503",0,0,0,0,0,0,0,NA,NA
"779",0,0,0,0,0,0,0,NA,NA
"848",0,0,0,0,0,3,1,NA,0
"2730",0,0,0,0,0,0,0,NA,NA
"393",0,0,0,0,0,0,0,NA,NA
"2173",23,0,0,0,0,0,1,NA,0
"1324",20,0,0,0,0,0,0,NA,0
"495",0,0,0,0,0,0,0,NA,NA
"855",0,0,0,0,0,0,0,NA,NA
"2521",0,0,0,0,0,25,1,0,0
"2293",0,0,0,0,0,0,0,NA,NA
"2825",0,0,0,0,0,0,0,NA,NA
"1822",0,0,0,0,135,0,1,1,1
"2708",23,0,0,0,0,0,0,NA,0
"276",0,0,0,0,45,0,1,NA,0
"1528",0,0,0,0,0,0,0,NA,NA
"2268",0,0,0,0,0,0,0,NA,NA
"542",0,0,0,0,0,0,0,NA,NA
"2576",0,0,0,0,0,0,0,NA,NA
"1980",15,0,0,0,0,0,0,NA,0
"2191",0,0,0,0,0,0,0,NA,NA
"2360",0,0,0,0,0,0,0,0,NA
"2832",0,0,0,0,0,0,0,NA,NA
"2397",0,0,0,0,0,0,0,NA,NA
"2121",0,0,0,0,0,0,0,NA,NA
"1274",0,0,0,0,0,0,0,0,NA
"2067",68,0,0,0,0,0,0,NA,0
"2334",158,0,0,0,0,0,0,NA,0
"2169",0,0,0,0,0,0,0,NA,NA
"2198",10,0,0,0,0,0,0,NA,0
"785",0,0,0,0,0,0,0,NA,NA
"1208",20,0,0,0,0,0,1,NA,0
"933",0,0,0,0,0,0,0,NA,NA
"1704",50,0,0,0,0,0,0,NA,0
"2794",0,0,0,0,0,0,0,NA,NA
"202",0,0,0,0,0,0,0,NA,0
"414",15,0,0,0,0,0,0,NA,0
"1597",105,0,0,0,0,0,0,NA,0
"636",0,0,0,0,0,0,0,0,NA
"2340",0,0,0,0,0,0,0,NA,NA
"1622",0,0,0,0,25,0,1,NA,0
"1535",3,0,0,0,0,0,1,NA,0
"910",0,0,0,0,0,0,0,NA,NA
"1938",0,0,0,0,0,0,0,NA,NA
"630",20,0,0,0,0,0,0,NA,0
"1328",0,0,0,0,0,0,0,NA,NA
"581",0,0,0,0,0,0,0,NA,NA
"872",90,0,0,0,0,0,1,NA,0
"997",40,0,0,0,0,0,0,NA,0
"2369",0,0,0,0,0,0,0,NA,NA
"2785",0,0,0,0,0,0,0,0,NA
"242",0,0,0,0,0,0,0,NA,NA
"2824",0,0,0,0,0,0,0,0,NA
"1422",0,0,0,0,0,0,0,NA,NA
"148",0,0,0,2,0,0,1,0,0
"2506",0,60,0,0,0,0,1,NA,0
"1768",0,0,0,0,60,0,0,0,0
"1513",20,0,0,0,0,0,1,NA,1
"2524",35,0,0,0,0,0,0,NA,0
"6",0,0,0,0,0,0,0,NA,NA
"1278",0,0,0,0,0,0,0,0,NA
"2443",0,0,0,0,0,0,0,NA,NA
"1616",0,0,0,0,0,0,0,NA,NA
"707",0,0,0,0,0,0,0,NA,NA
"1814",0,0,0,0,0,0,0,NA,NA
"1202",0,0,0,0,0,0,0,NA,NA
"2549",0,0,0,0,20,0,1,0,0
"759",0,0,0,0,10,0,0,NA,0
"307",0,0,0,0,0,0,0,NA,NA
"160",0,0,0,0,0,0,1,1,NA
"881",0,0,0,0,0,0,0,NA,NA
"1824",0,NA,0,0,0,0,1,NA,0
"2127",0,0,0,0,45,0,0,NA,0
"1521",0,0,0,0,0,0,0,NA,NA
"2688",0,40,0,0,0,0,1,0,0
"1111",0,0,0,0,6,0,0,NA,0
"2670",15,0,0,0,0,0,0,NA,0
"942",NA,0,0,NA,NA,NA,0,NA,0
"550",0,0,0,0,0,0,0,NA,NA
"280",0,0,15,0,0,0,1,NA,0
"2278",0,0,0,0,0,0,0,NA,NA
"178",0,0,0,0,0,0,0,NA,NA
"1759",0,0,0,0,0,0,0,NA,NA
"552",30,0,0,0,0,0,1,NA,NA
"747",0,0,0,0,0,5,0,NA,0
"2087",68,0,0,0,0,0,0,NA,0
"1813",0,0,0,0,0,0,0,NA,NA
"2737",0,0,0,0,0,0,0,NA,NA
"2166",10,0,0,0,0,0,1,NA,0
"1163",45,0,0,0,0,0,1,NA,0
"563",NA,0,0,0,0,0,0,NA,0
"679",0,0,0,0,0,0,0,NA,NA
"2094",0,0,0,0,0,0,0,NA,NA
"579",10,0,0,0,0,0,0,NA,0
"1960",0,270,0,0,0,0,1,NA,0
"673",0,0,0,0,30,0,0,NA,0
"94",NA,0,0,0,0,0,0,NA,NA
"1376",7,0,0,0,0,0,0,NA,0
"143",0,0,0,0,0,0,0,NA,NA
"2747",0,0,0,0,0,0,0,NA,NA
"2197",0,0,0,0,0,0,0,NA,NA
"2205",0,0,45,0,0,0,1,NA,0
"1262",0,0,0,0,0,90,1,1,0
"2681",0,0,0,0,0,0,0,NA,NA
"1601",0,0,0,0,0,0,0,NA,NA
"1635",0,0,0,0,0,0,0,NA,NA
"2531",0,0,0,0,0,0,0,NA,0
"297",4,0,0,0,0,0,0,1,0
"1899",50,0,0,0,0,0,0,0,0
"1058",68,0,0,0,0,0,1,NA,0
"802",20,0,0,0,0,0,0,NA,1
"1730",0,0,0,0,0,0,0,NA,NA
"2642",0,0,0,0,0,0,0,NA,NA
"1675",0,0,0,0,0,0,0,NA,NA
"1500",0,0,0,0,0,0,0,NA,NA
"2532",0,0,90,0,0,0,1,NA,0
"569",0,0,0,0,0,0,0,NA,NA
"1885",0,0,0,0,0,0,0,NA,NA
"689",0,0,0,0,0,0,0,NA,NA
"1767",0,0,0,0,0,0,0,NA,NA
"884",0,0,0,0,0,0,0,NA,NA
"2385",0,0,90,0,0,0,1,NA,0
"480",7,0,0,0,0,0,1,NA,0
"263",2,0,0,0,0,0,0,NA,0
"746",0,0,0,0,0,0,0,NA,NA
"1335",0,0,0,0,5,0,0,NA,0
"718",0,0,0,0,0,0,0,0,NA
"2612",0,0,0,0,0,0,0,NA,NA
"1471",0,0,0,0,0,0,0,NA,NA
"1325",0,0,0,0,0,0,0,0,NA
"492",0,0,0,0,0,0,0,NA,NA
"1072",0,0,0,0,0,0,0,NA,NA
"1812",0,90,0,0,0,0,0,NA,0
"2374",0,0,45,0,0,0,1,NA,0
"2451",0,0,30,0,0,0,1,NA,0
"2481",0,0,0,0,0,0,0,NA,NA
"1762",0,0,0,0,0,0,0,NA,NA
"1915",55,0,0,0,0,0,1,1,NA
"575",0,0,0,0,0,0,0,NA,NA
"1544",0,0,0,0,0,0,0,NA,NA
"2045",2,0,0,0,0,0,1,NA,0
"955",0,0,0,0,0,0,0,NA,NA
"2165",45,0,0,0,0,0,0,NA,0
"2440",0,0,0,0,0,0,0,NA,NA
"2771",60,0,0,0,0,0,0,0,0
"2394",0,0,0,0,0,0,0,NA,NA
"1892",0,0,0,0,0,0,0,NA,NA
"2032",0,0,0,0,0,0,0,NA,NA
"2827",0,0,0,0,0,10,1,NA,0
"167",0,0,0,0,0,0,0,NA,NA
"1245",0,0,0,0,0,0,0,NA,NA
"2399",0,0,0,0,0,15,1,NA,0
"1548",68,0,0,0,0,0,0,NA,0
"2742",0,0,0,0,0,0,0,NA,NA
"2740",0,0,0,0,0,0,0,NA,NA
"2686",0,0,0,0,0,0,1,1,NA
"2578",0,0,0,0,0,0,0,NA,NA
"2590",0,0,0,0,0,0,0,NA,NA
"1754",0,0,0,0,9,0,1,1,0
"1891",0,0,0,0,0,0,0,NA,NA
"2123",80,0,0,0,0,0,0,NA,NA
"2101",25,0,0,0,0,0,1,1,0
"690",0,0,0,0,0,0,0,NA,NA
"2128",0,0,0,0,10,0,0,1,0
"974",0,0,0,0,0,0,0,NA,NA
"102",10,0,0,0,0,0,0,NA,0
"2406",90,0,0,0,0,0,1,NA,0
"1203",0,0,0,0,0,2,1,NA,0
"1954",0,0,0,0,0,0,0,NA,NA
"305",0,0,0,0,0,0,0,NA,NA
"1947",0,0,0,0,0,0,1,NA,0
"385",0,0,0,0,5,0,1,1,0
"2070",25,0,0,0,0,0,0,NA,0
"1709",0,0,0,21,0,0,0,NA,NA
"2076",90,0,0,0,0,0,1,NA,0
"1059",0,0,0,0,0,0,0,NA,NA
"2279",0,0,0,0,0,0,0,NA,NA
"2115",0,0,0,0,0,0,0,0,NA
"2364",0,0,0,0,NA,0,1,NA,0
"1488",0,0,0,0,0,0,0,NA,NA
"901",0,0,0,0,0,0,0,NA,NA
"2117",0,0,0,16,0,0,1,NA,0
"392",0,90,0,0,0,0,0,NA,0
"583",0,0,0,0,0,10,1,NA,0
"2601",0,0,0,0,0,0,0,NA,NA
"1907",0,0,0,0,0,0,0,NA,NA
"466",5,0,0,0,0,0,1,0,NA
"1683",15,0,0,0,0,0,0,NA,0
"1630",0,0,0,0,0,0,0,NA,NA
"1405",0,0,0,0,0,0,0,NA,NA
"273",0,0,0,0,0,0,0,NA,NA
"338",0,0,0,0,0,0,0,NA,NA
"130",3,0,0,0,0,0,1,NA,0
"1663",0,0,0,0,0,0,1,1,NA
"2353",158,0,0,0,0,0,1,NA,0
"2234",0,0,0,0,0,0,0,NA,NA
"2102",0,0,0,0,0,0,0,NA,NA
"568",0,0,0,0,0,0,0,NA,NA
"1345",0,0,0,0,0,0,0,NA,NA
"1423",0,0,60,0,0,0,0,NA,0
"1621",0,0,0,0,0,0,0,NA,NA
"1792",30,0,0,0,0,0,0,NA,0
"963",0,0,0,0,0,3,1,1,0
"2796",0,0,0,0,0,0,0,NA,NA
"1805",6,0,0,0,0,0,0,1,0
"2339",0,0,1,0,0,0,1,NA,0
"2135",30,0,0,0,0,0,0,NA,0
"1497",0,0,0,0,0,0,0,NA,NA
"2330",0,0,0,0,0,0,0,0,NA
"253",45,0,0,0,0,0,0,NA,0
"1391",NA,0,0,0,0,0,0,NA,0
"2728",0,0,0,0,0,0,1,0,0
"1718",0,0,0,0,0,0,0,NA,NA
"327",0,0,0,0,0,0,0,NA,NA
"1707",10,0,0,0,0,0,1,NA,0
"621",0,0,270,0,0,0,0,1,0
"1864",0,0,0,5,0,0,0,NA,0
"4",0,0,0,10,0,0,1,NA,0
"2014",0,0,0,0,0,0,0,NA,NA
"1108",0,0,0,0,0,0,0,NA,NA
"1311",113,0,0,0,0,0,1,NA,1
"2755",0,0,0,0,NA,0,0,NA,0
"1865",0,0,0,0,0,0,1,1,NA
"573",0,0,0,3,0,0,0,NA,0
"1900",0,0,0,0,0,0,0,NA,NA
"1807",0,0,0,0,0,0,0,NA,NA
"1876",0,0,0,0,0,0,0,NA,NA
"2313",0,0,0,0,0,0,0,NA,NA
"1836",0,0,0,0,0,0,0,NA,NA
"1679",0,0,0,0,0,0,0,NA,NA
"416",0,0,0,0,0,0,0,NA,NA
"846",25,0,0,0,0,0,1,NA,0
"1166",270,0,0,0,0,0,1,NA,0
"592",0,0,0,0,0,0,0,NA,NA
"1817",35,0,0,0,0,0,0,NA,1
"100",0,0,0,0,0,0,0,NA,1
"1308",0,0,0,0,0,0,0,NA,NA
"1047",0,0,0,0,0,0,0,NA,NA
"2467",30,0,0,0,0,0,0,NA,0
"2587",0,35,0,0,0,0,0,NA,0
"460",0,0,0,0,0,0,0,NA,NA
"24",0,0,0,0,0,5,1,NA,0
"1452",68,0,0,0,0,0,1,NA,0
"1246",15,0,0,0,0,0,0,NA,NA
"1077",3,0,0,0,0,0,0,NA,0
"1839",0,0,0,0,0,0,0,NA,NA
"1251",0,0,0,0,30,0,0,NA,0
"1862",1,0,0,0,0,0,0,NA,0
"678",0,0,0,0,0,0,1,0,0
"2448",0,0,0,0,0,0,0,NA,NA
"2442",68,0,0,0,0,0,0,NA,0
"1065",0,0,0,0,0,5,0,NA,0
"2294",0,0,0,0,0,0,0,NA,NA
"1808",15,0,0,0,0,0,1,NA,0
"541",0,0,0,0,0,0,0,NA,NA
"587",40,0,0,0,0,0,0,NA,0
"169",0,70,0,0,0,0,1,NA,1
"2702",0,0,0,0,0,0,0,NA,NA
"1684",0,0,2,0,0,0,1,NA,0
"1602",0,0,0,0,0,0,0,NA,NA
"470",0,0,0,0,0,0,0,NA,NA
"2381",0,0,0,0,0,0,0,NA,NA
"2786",0,60,0,0,0,0,1,NA,0
"1627",68,0,0,0,0,0,1,NA,0
"762",0,0,0,0,0,0,0,NA,NA
"2463",0,30,0,0,0,0,0,NA,0
"712",0,60,0,0,0,0,1,NA,0
"68",0,0,0,0,0,20,1,NA,0
"908",15,0,0,0,0,0,1,NA,0
"1931",0,0,0,0,0,0,0,NA,NA
"1314",2,0,0,0,0,0,1,NA,0
"198",25,0,0,0,0,0,0,NA,0
"632",0,0,0,0,0,0,0,0,NA
"1247",68,0,0,0,0,0,1,NA,0
"33",0,0,0,0,0,0,0,NA,NA
"775",0,0,10,0,0,0,1,NA,0
"345",0,0,0,0,270,0,0,NA,0
"877",0,0,NA,0,0,0,1,NA,0
"1517",0,0,0,0,0,0,0,NA,NA
"648",0,90,0,0,0,0,0,NA,0
"1012",0,0,0,0,0,0,0,NA,NA
"514",0,0,0,0,0,0,0,NA,NA
"1533",0,0,0,0,0,0,0,NA,NA
"2066",0,0,0,0,0,0,0,NA,NA
"2196",0,0,0,0,5,0,0,NA,0
"2598",0,0,0,0,0,0,0,NA,NA
"2410",0,0,0,0,0,0,0,NA,NA
"1687",0,0,0,0,0,0,1,1,NA
"2664",0,0,0,0,0,23,1,NA,0
"443",15,0,0,0,0,0,1,1,0
"499",0,0,0,0,0,0,0,NA,NA
"1444",0,0,0,0,0,0,0,0,NA
"519",0,0,0,0,0,0,0,NA,NA
"398",0,0,10,0,0,0,0,NA,0
"2026",0,0,0,0,0,0,0,0,NA
"2538",0,0,0,0,0,0,0,NA,NA
"1893",1,0,0,0,0,0,0,NA,0
"652",0,0,0,0,0,0,0,NA,NA
"2660",80,0,0,0,0,0,0,NA,0
"2596",0,0,0,4,0,0,1,NA,0
"1331",0,0,0,0,0,0,1,1,NA
"2422",45,0,0,0,0,0,1,NA,1
"2468",0,0,0,4,0,0,0,NA,1
"1104",90,0,0,0,0,0,0,NA,0
"1476",0,0,0,0,0,0,0,NA,NA
"1429",15,0,0,0,0,0,0,0,0
"1933",0,70,0,0,0,0,1,NA,0
"2042",0,0,0,0,0,4,0,NA,0
"2486",0,0,45,0,0,0,0,NA,0
"2333",0,0,0,0,0,0,1,1,NA
"1637",0,0,0,0,0,0,0,NA,NA
"1371",0,0,0,0,0,0,0,NA,NA
"203",0,0,0,0,0,0,0,NA,NA
"601",40,0,0,0,0,0,1,0,NA
"1392",30,0,0,0,0,0,0,NA,0
"2697",0,0,0,0,0,0,0,NA,NA
"496",30,0,0,0,0,0,1,NA,0
"1272",0,0,0,0,0,0,0,NA,NA
"1525",10,0,0,0,0,0,1,0,NA
"454",45,0,0,0,0,0,0,NA,0
"43",0,0,0,0,0,0,0,NA,NA
"2321",0,0,0,3,0,0,0,NA,0
"874",0,0,0,0,0,0,0,NA,NA
"1229",0,0,0,0,0,0,0,NA,NA
"1849",0,0,0,0,0,0,0,NA,NA
"608",0,0,0,0,0,0,0,NA,NA
"768",19,0,0,0,0,0,1,NA,1
"36",0,0,0,0,2,0,0,NA,0
"2645",0,0,10,0,0,0,0,NA,0
"2809",0,0,0,0,0,0,0,NA,NA
"1674",0,0,0,0,0,0,0,NA,NA
"2580",0,0,30,0,0,0,1,NA,1
"503",0,0,0,0,0,0,0,NA,NA
"1362",270,0,0,0,0,0,1,NA,1
"2320",0,0,0,0,0,0,0,NA,NA
"2473",135,0,0,0,0,0,0,NA,0
"204",0,0,0,0,0,0,0,NA,NA
"363",0,0,0,0,0,40,1,NA,0
"246",0,0,0,0,0,0,0,NA,NA
"1902",0,0,0,0,0,0,0,NA,NA
"260",0,0,0,0,0,0,0,NA,NA
"2429",0,0,0,0,0,0,0,NA,NA
"1863",0,0,0,0,0,0,0,NA,NA
"2157",10,0,0,0,0,0,1,NA,0
"1437",0,0,0,0,0,0,0,NA,NA
"2583",0,0,0,0,0,0,0,NA,NA
"965",0,0,0,0,0,0,0,0,NA
"1910",11,0,0,0,0,0,0,NA,NA
"2395",0,0,0,0,0,3,0,NA,0
"1270",0,0,0,0,0,0,0,NA,NA
"174",0,0,0,0,0,0,0,NA,NA
"1638",10,0,0,0,0,0,0,0,0
"729",0,0,0,0,0,0,0,NA,0
"1719",0,0,0,0,9,0,1,NA,0
"595",0,0,0,0,0,0,0,NA,NA
"250",0,0,0,0,0,0,0,NA,NA
"257",0,0,0,0,0,0,0,NA,NA
"2716",45,0,0,0,0,0,0,NA,0
"749",0,0,0,0,0,0,0,NA,NA
"727",20,0,0,0,0,0,0,NA,0
"1169",25,0,0,0,0,0,0,NA,0
"2408",20,0,0,0,0,0,0,NA,0
"319",0,0,0,0,0,0,1,1,NA
"790",0,0,0,0,0,0,0,NA,NA
"1925",0,0,0,0,0,0,0,NA,NA
"1780",0,0,0,0,0,0,0,NA,NA
"1364",10,0,0,0,0,0,0,NA,0
"1227",90,0,0,0,0,0,1,1,0
"2461",0,0,0,0,0,0,0,0,NA
"1877",0,0,0,0,0,0,0,NA,NA
"2305",0,0,0,0,0,0,0,NA,NA
"1713",23,0,0,0,0,0,0,NA,0
"1729",0,0,0,0,0,0,0,NA,NA
"2080",0,0,0,0,0,0,0,NA,NA
"1078",80,0,0,0,0,0,1,NA,0
"2553",0,0,0,4,0,0,0,NA,1
"642",15,0,0,0,0,0,0,NA,0
"2271",10,0,0,0,0,0,1,NA,0
"2787",0,0,0,0,0,0,0,NA,NA
"2247",135,0,0,0,0,0,0,NA,0
"391",0,0,0,0,0,0,0,NA,NA
"2588",0,0,0,0,0,0,0,NA,NA
"1413",0,0,0,0,0,0,0,NA,NA
"1145",0,0,0,0,0,0,0,NA,NA
"364",0,0,0,0,0,0,0,NA,NA
"2199",60,0,0,0,0,0,1,1,0
"268",4,0,0,0,0,0,1,0,0
"487",0,0,0,0,0,0,1,NA,NA
"216",0,0,0,0,0,0,0,NA,NA
"633",0,0,0,0,0,10,0,NA,0
"2594",0,0,0,0,0,0,0,NA,NA
"1266",0,0,0,0,0,0,0,NA,NA
"1916",0,0,0,0,0,0,0,NA,NA
"2758",0,0,0,0,0,0,0,NA,NA
"1354",0,0,0,0,0,0,0,NA,NA
"1167",5,0,0,0,0,0,0,NA,0
"2132",0,0,0,0,0,0,0,NA,NA
"1895",0,0,0,0,0,0,1,1,0
"1283",0,0,0,0,0,0,0,0,NA
"797",0,0,0,0,0,20,0,NA,0
"538",0,0,0,0,0,0,0,0,NA
"152",0,0,0,0,0,0,0,NA,NA
"2162",106,0,0,0,0,0,1,NA,0
"2717",0,0,0,0,0,0,0,NA,NA
"394",0,0,0,0,0,0,0,NA,NA
"1260",0,0,0,0,0,0,0,NA,NA
"1846",0,0,0,0,0,0,0,NA,NA
"199",NA,NA,NA,NA,NA,0,1,NA,0
"1035",0,0,0,0,0,0,0,NA,0
"355",0,0,0,0,0,0,0,NA,NA
"1468",0,0,0,0,0,0,0,NA,NA
"2244",0,0,0,0,0,0,0,NA,NA
"2574",5,0,0,0,0,0,1,NA,0
"22",0,0,0,0,0,0,0,0,NA
"2493",0,0,0,0,0,0,1,1,NA
"1806",0,0,0,0,0,0,0,0,NA
"1600",0,0,0,0,0,0,0,NA,NA
"728",0,0,0,0,0,0,0,NA,NA
"79",0,0,0,0,0,0,0,NA,NA
"1461",0,0,0,0,0,0,0,NA,NA
"1020",0,0,0,0,0,0,0,NA,NA
"2639",0,0,0,0,10,0,1,NA,0
"1829",0,0,0,0,0,0,0,NA,NA
"2480",0,0,0,0,0,0,1,NA,0
"2104",0,0,0,0,0,0,0,NA,NA
"873",0,70,0,0,0,0,1,NA,0
"2649",0,0,0,0,20,0,1,NA,0
"2818",0,0,0,0,0,0,0,NA,NA
"598",0,0,0,0,0,16,1,1,0
"1240",0,0,0,0,0,0,0,NA,NA
"2006",0,0,0,0,0,0,0,NA,NA
"126",0,0,0,0,0,0,0,NA,NA
"2614",68,0,0,0,0,0,0,NA,0
"701",0,0,0,0,0,0,0,NA,NA
"2617",0,0,0,0,0,0,0,NA,NA
"2401",0,0,0,25,0,0,0,NA,0
"2822",0,60,0,0,0,0,0,NA,0
"2508",12,0,0,0,0,0,1,NA,0
"1178",0,0,0,0,0,10,0,NA,0
"1306",0,0,0,0,45,0,0,NA,0
"1549",0,0,0,0,0,0,0,NA,NA
"147",20,0,0,0,0,0,1,NA,0
"1081",5,0,0,0,0,0,0,NA,0
"2780",0,0,0,0,0,0,0,NA,NA
"2488",20,0,0,0,0,0,0,NA,1
"738",0,0,0,0,0,0,0,0,NA
"663",0,40,0,0,0,0,0,NA,0
"668",0,0,0,0,0,5,0,NA,0
"1702",0,0,0,0,30,0,1,NA,0
"2332",0,0,0,0,0,0,0,NA,NA
"453",0,0,0,0,0,15,1,NA,0
"384",30,0,0,0,0,0,0,0,0
"711",0,0,0,0,0,0,0,NA,NA
"1475",0,0,0,0,0,0,0,NA,NA
"921",0,0,0,0,0,0,0,NA,NA
"371",0,0,10,0,0,0,1,NA,0
"2288",20,0,0,0,0,0,0,NA,0
"2559",0,0,0,0,NA,0,0,NA,0
"140",0,0,0,10,0,0,0,NA,NA
"801",0,0,30,0,0,0,1,NA,0
"50",0,0,0,0,2,0,0,NA,0
"1458",10,0,0,0,0,0,0,NA,0
"339",0,0,0,0,0,0,0,NA,NA
"2420",63,0,0,0,0,0,1,0,0
"485",0,0,0,0,0,0,1,1,NA
"862",0,4,0,0,0,0,1,NA,0
"2109",15,0,0,0,0,0,0,NA,0
"316",0,0,0,0,0,0,0,NA,NA
"720",0,0,0,0,0,0,0,NA,NA
"1940",0,0,0,0,0,0,0,NA,NA
"1451",5,0,0,0,0,0,1,NA,0
"1990",0,0,0,0,0,0,0,NA,NA
"2487",0,0,0,0,0,0,0,NA,NA
"1553",0,0,0,0,0,0,0,NA,NA
"444",0,0,0,0,0,0,0,NA,NA
"429",0,0,0,0,0,0,0,NA,NA
"2592",0,0,0,0,30,0,0,NA,0
"2563",0,0,0,0,0,0,0,0,NA
"1304",45,0,0,0,0,0,0,NA,0
"831",0,0,0,0,0,0,0,NA,NA
"1407",0,0,90,0,0,0,0,NA,0
"2616",0,30,0,0,0,0,0,NA,0
"1867",0,0,60,0,0,0,0,NA,0
"1310",0,0,68,0,0,0,1,NA,0
"1834",0,0,0,0,0,0,0,NA,NA
"2151",0,0,0,0,0,0,0,NA,NA
"2269",0,0,0,0,0,0,0,NA,NA
"1781",0,0,0,0,0,0,0,NA,NA
"644",45,0,0,0,0,0,0,NA,NA
"1090",0,0,0,0,0,0,0,NA,NA
"902",0,0,0,0,0,0,0,NA,NA
"2663",0,0,5,0,0,0,1,NA,0
"342",15,0,0,0,0,0,1,NA,0
"1992",0,0,0,0,0,0,0,NA,NA
"736",0,0,0,0,0,0,0,NA,NA
"1080",0,0,0,0,0,0,0,NA,NA
"572",0,0,0,10,0,0,1,NA,0
"1723",0,0,0,0,3,0,0,NA,1
"807",0,0,0,0,0,0,0,NA,NA
"114",0,0,0,0,0,0,0,NA,NA
"1055",0,60,0,0,0,0,0,0,0
"166",50,0,0,0,0,0,0,NA,0
"2607",0,0,0,0,0,0,0,NA,NA
"1798",0,0,0,0,0,0,0,0,NA
"1267",10,0,0,0,0,0,0,NA,0
"207",0,0,0,0,0,0,0,NA,NA
"239",0,0,0,0,10,0,1,NA,0
"128",0,0,0,0,0,0,0,NA,NA
"1244",0,0,0,0,40,0,1,NA,0
"274",0,0,0,0,0,0,0,0,NA
"1213",0,0,0,0,0,0,0,NA,NA
"67",40,0,0,0,0,0,0,NA,0
"1522",0,0,0,0,0,0,0,NA,NA
"919",70,0,0,0,0,0,1,0,0
"1581",0,0,0,0,0,0,1,1,0
"723",135,0,0,0,0,0,0,NA,0
"434",0,0,0,0,0,0,0,NA,NA
"1871",0,0,0,0,0,0,0,NA,NA
"2671",0,0,0,4,0,0,0,0,0
"1329",0,90,0,0,0,0,0,1,0
"959",0,0,0,0,0,0,0,0,NA
"2765",0,0,0,0,0,0,0,NA,NA
"2272",0,0,0,0,0,0,0,NA,NA
"2636",0,0,0,0,0,0,0,NA,NA
"2437",30,0,0,0,0,0,0,NA,0
"539",7,0,0,0,0,0,1,NA,0
"301",0,0,0,0,0,0,0,0,NA
"463",0,0,0,0,0,0,0,NA,NA
"1453",90,0,0,0,0,0,1,0,0
"994",10,0,0,0,0,0,1,NA,0
"279",248,0,0,0,0,0,0,NA,0
"2721",5,0,0,0,0,0,0,NA,0
"1701",0,0,0,0,0,0,0,NA,NA
"2324",30,0,0,0,0,0,0,NA,0
"205",0,0,5,0,0,0,1,NA,0
"1337",0,0,0,0,0,0,0,NA,NA
"1668",0,0,0,0,0,0,0,NA,NA
"2262",0,0,0,0,0,0,0,NA,NA
"134",0,0,0,0,0,0,0,NA,NA
"2835",0,0,0,0,0,0,0,NA,NA
"1557",0,0,0,0,0,0,0,NA,NA
"1374",0,0,0,0,0,0,0,NA,NA
"2533",0,0,0,0,0,0,0,NA,NA
"585",30,0,0,0,0,0,0,NA,0
"1126",0,0,0,0,0,0,1,1,NA
"947",0,0,0,0,0,0,0,0,NA
"2265",0,0,0,0,0,0,1,1,NA
"69",0,0,0,0,0,15,1,NA,0
"1967",10,0,0,0,0,0,0,NA,0
"1717",0,0,0,0,0,0,0,NA,NA
"1209",0,0,0,0,0,0,0,NA,NA
"2280",23,0,0,0,0,0,0,NA,0
"266",0,0,0,10,0,0,0,NA,0
"567",10,0,0,0,0,0,1,0,0
"1031",0,23,0,0,0,0,1,NA,0
"374",0,0,0,0,0,0,0,NA,NA
"1127",0,0,0,0,0,0,0,NA,NA
"1250",0,0,0,0,0,0,0,0,NA
"2499",30,0,0,0,0,0,0,0,0
"1271",0,0,0,0,0,0,0,NA,NA
"895",0,0,0,0,0,0,0,NA,NA
"2326",0,0,0,0,0,0,0,NA,NA
"1658",6,0,0,0,0,0,0,0,0
"1827",0,0,0,0,0,0,0,NA,NA
"2572",0,0,0,0,0,0,0,0,NA
"2602",0,0,0,0,0,0,0,NA,NA
"681",248,0,0,0,0,0,0,NA,1
"1489",0,0,0,0,12,0,1,NA,0
"2236",0,0,68,0,0,0,0,NA,NA
"2105",0,0,0,0,0,0,0,NA,NA
"1691",0,0,0,0,0,0,0,NA,NA
"1137",0,0,0,0,0,0,0,NA,NA
"1238",10,0,0,0,0,0,0,NA,0
"346",8,0,0,0,0,0,1,0,0
"2477",15,0,0,0,0,0,0,NA,0
"1935",0,0,0,0,0,9,0,NA,0
"1529",0,0,0,0,0,0,0,NA,NA
"1796",0,0,0,0,0,0,0,NA,NA
"1923",0,0,40,0,0,0,0,NA,0
"692",0,13,0,0,0,0,1,NA,0
"1689",0,0,0,0,5,0,1,NA,0
"282",0,0,0,0,0,0,0,NA,NA
"1519",0,0,0,0,6,0,0,NA,0
"1911",5,0,0,0,0,0,1,NA,0
"972",0,0,0,0,0,0,0,NA,NA
"1520",0,0,0,0,0,0,0,0,NA
"2850",NA,NA,NA,NA,NA,NA,0,NA,0
"2380",68,0,0,0,0,0,0,NA,0
"1349",113,0,0,0,0,0,0,NA,0
"2806",4,0,0,0,0,0,1,NA,0
"557",90,0,0,0,0,0,0,NA,1
"2357",0,0,0,0,0,0,0,0,NA
"899",0,0,0,0,0,0,0,NA,NA
"2096",5,0,0,0,0,0,0,NA,0
"960",0,0,0,0,0,3,0,NA,0
"1133",0,0,0,0,0,0,0,NA,NA
"1474",0,0,0,0,0,0,1,NA,0
"2345",55,0,0,0,0,0,0,NA,0
"2409",0,0,0,0,0,0,0,NA,NA
"520",0,0,0,0,0,0,0,NA,NA
"838",0,0,0,0,2,0,0,NA,0
"265",0,0,0,0,0,0,0,NA,NA
"752",0,0,0,0,0,0,0,NA,NA
"879",0,0,0,0,0,0,0,NA,NA
"1060",0,0,0,0,0,3,0,0,0
"287",5,0,0,0,0,0,0,NA,0
"2723",0,0,0,0,0,0,0,NA,NA
"602",45,0,0,0,0,0,1,1,0
"2484",0,0,0,0,270,0,1,NA,0
"1118",0,0,0,0,0,0,0,NA,NA
"2073",0,0,0,0,0,0,0,NA,NA
"634",0,0,0,0,0,0,0,NA,NA
"2178",0,0,0,0,0,0,0,NA,NA
"232",0,0,0,0,0,0,0,NA,NA
"1661",0,0,0,0,0,0,0,NA,NA
"430",270,0,0,0,0,0,0,NA,0
"913",0,0,0,0,0,0,0,NA,NA
"2479",NA,0,0,0,0,0,1,0,0
"469",0,0,0,0,45,0,1,1,0
"2665",0,0,0,0,0,0,1,1,NA
"377",5,0,0,0,0,0,0,NA,0
"241",15,0,0,0,0,0,1,NA,0
"464",90,0,0,0,0,0,1,NA,1
"136",0,0,0,0,0,6,1,NA,1
"1235",2,0,0,0,0,0,0,NA,0
"1439",0,0,0,0,0,0,0,NA,NA
"1330",0,0,0,0,0,0,0,NA,NA
"842",0,0,0,0,0,0,0,NA,NA
"1918",0,0,0,0,0,0,0,NA,NA
"1464",45,0,0,0,0,0,0,NA,0
"1300",0,0,0,0,0,0,0,NA,NA
"1370",0,0,0,0,0,0,0,NA,NA
"2441",0,0,0,0,0,0,0,NA,NA
"1898",0,0,0,5,0,0,1,1,0
"777",0,0,0,0,0,0,0,NA,NA
"1550",4,0,0,0,0,0,0,NA,0
"2760",0,0,0,0,0,0,0,NA,NA
"1970",3,0,0,0,0,0,0,NA,0
"2791",10,0,0,0,0,0,0,NA,0
"1467",0,80,0,0,0,0,1,NA,0
"397",0,0,0,0,0,0,0,NA,NA
"2215",0,0,0,0,0,0,0,NA,NA
"2224",0,0,0,0,0,0,1,NA,NA
"1400",90,0,0,0,0,0,0,0,1
"1514",0,135,0,0,0,0,1,NA,0
"1293",0,0,0,0,0,20,0,NA,0
"2507",15,0,0,0,0,0,1,1,0
"2003",2,0,0,0,0,0,0,NA,0
"1941",0,0,0,0,0,0,0,NA,NA
"1038",0,0,0,0,0,0,0,NA,NA
"2223",0,0,0,0,5,0,1,NA,0
"980",NA,NA,NA,NA,NA,NA,1,NA,0
"1057",0,0,0,0,0,0,0,NA,NA
"638",0,0,0,0,0,0,0,NA,NA
"830",0,0,0,0,0,0,0,NA,NA
"2793",5,0,0,0,0,0,0,NA,0
"2416",0,0,0,0,0,0,0,NA,NA
"897",0,0,0,0,0,0,0,NA,NA
"1404",30,0,0,0,0,0,1,NA,0
"448",5,0,0,0,0,0,1,NA,0
"683",0,0,0,0,0,0,0,NA,NA
"2213",60,0,0,0,0,0,1,NA,0
"1655",65,0,0,0,0,0,0,NA,0
"1686",0,0,0,0,3,0,0,NA,0
"2415",NA,0,0,0,0,0,0,NA,0
"1501",0,0,0,3,0,0,0,0,0
"2516",0,0,0,0,0,10,1,NA,0
"2544",0,0,0,0,0,0,0,NA,NA
"1433",0,0,0,0,0,0,0,NA,NA
"2562",135,0,0,0,0,0,0,1,0
"299",0,0,14,0,0,0,1,NA,0
"289",0,0,0,0,0,0,0,NA,NA
"992",0,0,0,0,0,0,0,NA,NA
"83",5,0,0,0,0,0,0,NA,1
"219",0,0,0,0,0,0,0,NA,NA
"1066",0,0,0,0,0,0,0,NA,NA
"2366",0,0,0,10,0,0,0,NA,0
"2359",0,0,0,0,0,0,0,NA,NA
"2751",0,0,0,0,0,0,0,NA,NA
"269",30,0,0,0,0,0,1,NA,0
"105",15,0,0,0,0,0,0,NA,0
"1721",0,0,0,0,0,0,1,1,NA
"1564",0,0,0,0,0,0,0,NA,NA
"489",5,0,0,0,0,0,1,NA,0
"686",0,0,0,0,0,0,0,NA,NA
"2411",135,0,0,0,0,0,1,NA,0
"334",0,25,0,0,0,0,0,NA,0
"2731",0,0,0,0,0,0,0,0,NA
"214",0,68,0,0,0,0,1,NA,0
"2167",20,0,0,0,0,0,0,NA,0
"26",0,0,0,0,19,0,1,1,0
"288",0,0,0,0,0,0,0,0,NA
"475",NA,0,NA,NA,NA,0,0,NA,0
"2495",0,0,10,0,0,0,0,NA,0
"2362",0,0,0,0,0,0,0,NA,NA
"1215",45,0,0,0,0,0,0,NA,0
"48",0,0,0,0,0,0,0,NA,NA
"1000",10,0,0,0,0,0,0,NA,0
"1234",0,0,0,0,0,0,1,1,NA
"2122",0,0,0,0,0,0,0,NA,0
"446",0,0,0,0,0,0,0,NA,NA
"840",0,0,0,0,0,0,0,NA,NA
"2540",0,0,0,0,0,0,0,NA,NA
"2378",0,0,0,0,0,0,0,NA,NA
"793",0,0,30,0,0,0,0,NA,0
"1159",225,0,0,0,0,0,0,NA,0
"2113",0,0,0,0,0,0,0,NA,NA
"555",0,0,0,0,0,0,0,NA,NA
"2522",0,0,0,0,0,0,0,0,NA
"1162",0,0,0,0,15,0,0,NA,0
"2750",0,0,0,0,0,0,0,NA,NA
"599",0,0,0,0,0,0,0,NA,NA
"1743",0,0,0,0,0,0,0,0,NA
"1333",0,0,0,0,0,0,0,NA,NA
"2325",0,0,5,0,0,0,1,NA,0
"1248",40,0,0,0,0,0,1,NA,0
"2475",45,0,0,0,0,0,0,NA,1
"28",0,0,0,0,0,0,0,NA,NA
"290",0,0,0,0,0,0,0,NA,NA
"2309",NA,0,0,0,0,0,0,NA,0
"1699",0,0,0,0,0,0,0,NA,NA
"2181",0,0,0,0,0,0,0,NA,NA
"1878",0,0,0,0,0,0,0,NA,NA
"1074",5,0,0,0,0,0,0,NA,0
"1054",32,0,0,0,0,0,1,1,NA
"2848",0,0,0,0,0,0,0,NA,NA
"1269",0,0,0,0,0,0,0,NA,NA
"2375",35,0,0,0,0,0,0,NA,0
"1882",0,0,0,0,0,0,0,NA,NA
"2072",0,0,0,0,0,0,0,NA,NA
"717",0,0,0,0,0,0,0,NA,NA
"1835",0,0,0,0,0,0,0,NA,NA
"1441",15,0,0,0,0,0,0,NA,0
"2597",0,0,0,0,13,0,0,NA,0
"2833",0,60,0,0,0,0,1,NA,0
"789",0,0,0,0,0,6,0,NA,0
"190",0,0,0,0,0,0,0,NA,NA
"758",0,0,0,0,0,23,1,NA,0
"1861",4,0,0,0,0,0,1,NA,0
"722",0,0,45,0,0,0,0,NA,0
"29",0,0,0,0,0,0,0,NA,NA
"836",0,0,0,0,0,0,0,NA,NA
"1170",50,0,0,0,0,0,0,NA,0
"101",0,0,0,0,0,0,0,NA,NA
"1153",0,0,0,0,2,0,0,NA,0
"1075",0,0,0,0,0,0,1,1,NA
"1790",0,0,0,2,0,0,1,0,0
"1678",0,0,0,0,0,0,0,NA,NA
"1290",0,0,0,0,0,0,0,NA,NA
"1639",0,540,0,0,0,0,0,NA,0
"2091",0,0,0,0,15,0,1,NA,0
"1394",5,0,0,0,0,0,1,NA,0
"1779",113,0,0,0,0,0,0,NA,0
"2603",0,0,0,0,0,0,0,NA,NA
"1069",10,0,0,0,0,0,0,NA,0
"864",0,0,0,0,0,20,0,NA,0
"1937",0,0,0,0,0,0,0,0,NA
"2426",0,0,0,0,0,0,0,NA,NA
"1224",0,0,0,40,0,0,0,NA,0
"523",0,0,0,0,0,0,0,NA,NA
"2237",0,0,0,0,0,0,0,0,NA
"2290",2,0,0,0,0,0,0,NA,0
"2311",0,0,0,0,0,0,0,NA,NA
"1176",0,0,0,0,0,0,0,NA,NA
"2116",0,0,0,0,0,0,0,NA,NA
"2504",0,60,0,0,0,0,1,NA,0
"2734",0,0,0,0,0,0,0,NA,NA
"1492",0,0,0,0,0,0,0,NA,NA
"1615",0,0,0,0,0,0,0,NA,NA
"512",0,0,0,0,0,0,0,0,NA
"2315",0,0,0,0,0,0,0,NA,NA
"52",68,0,0,0,0,0,0,NA,0
"1099",0,0,0,0,0,0,0,NA,NA
"1801",0,0,0,0,0,0,0,NA,NA
"2231",0,0,0,0,0,0,1,1,NA
"1361",0,30,0,0,0,0,0,NA,NA
"2275",0,0,0,0,0,0,0,NA,NA
"2068",0,0,0,0,0,0,0,0,NA
"605",0,0,0,0,0,0,0,NA,NA
"2092",5,0,0,0,0,0,1,1,0
"937",0,0,0,0,3,0,0,0,NA
"1168",0,0,0,0,0,0,0,NA,NA
"2433",0,0,0,0,0,0,0,NA,NA
"2712",0,0,0,0,0,0,0,NA,NA
"2554",0,0,0,0,0,0,0,NA,NA
"1438",0,0,0,0,0,0,0,NA,NA
"10",0,0,0,0,0,0,0,NA,NA
"244",0,0,0,0,0,0,0,NA,NA
"1604",0,0,0,0,0,0,0,NA,NA
"900",0,0,60,0,0,0,0,NA,1
"1139",0,0,0,0,0,0,0,NA,NA
"1028",0,45,0,0,0,0,0,NA,0
"1584",0,0,0,0,0,0,0,NA,NA
"2841",0,0,0,0,0,0,0,NA,NA
"2542",0,0,0,0,0,0,0,NA,NA
"1886",0,0,0,0,0,0,0,NA,NA
"1412",115,0,0,0,0,0,1,NA,0
"2354",20,0,0,0,0,0,0,NA,0
"96",0,0,0,0,0,0,0,NA,NA
"1735",0,0,0,0,0,0,0,NA,NA
"2041",0,0,0,0,0,0,0,NA,NA
"367",0,30,0,0,0,0,1,NA,0
"1053",0,0,0,0,0,0,0,NA,NA
"1745",20,0,0,0,0,0,0,NA,0
"2729",0,0,0,0,0,0,0,NA,NA
"212",0,0,0,0,0,6,1,NA,0
"1744",2,0,0,0,0,0,1,NA,0
"2512",25,0,0,0,0,0,0,1,0
"593",0,0,0,0,0,0,0,NA,NA
"175",30,0,0,0,0,0,0,NA,0
"818",0,0,0,10,0,0,1,NA,0
"778",0,0,0,0,0,0,0,NA,NA
"923",0,0,0,0,0,0,0,NA,NA
"1316",180,0,0,0,0,0,0,NA,0
"2018",0,0,0,0,0,0,0,NA,NA
"498",0,0,0,0,0,0,0,NA,NA
"437",0,0,0,0,0,0,0,NA,NA
"586",0,0,0,0,0,0,0,0,NA
"2478",0,0,0,0,0,0,0,NA,NA
"2820",40,0,0,0,0,0,1,NA,0
"2560",0,0,0,0,0,0,0,NA,NA
"2565",0,0,0,0,0,0,1,NA,0
"2349",0,0,0,0,0,0,0,NA,NA
"1614",0,0,0,0,0,0,0,NA,NA
"944",0,0,0,0,0,0,0,NA,NA
"1284",0,0,0,0,0,0,0,NA,NA
"1106",3,0,0,0,0,0,1,0,NA
"757",0,0,0,0,0,0,1,1,NA
"1534",10,0,0,0,0,0,1,NA,0
"1291",40,0,0,0,0,0,1,NA,0
"2526",0,0,0,0,0,0,0,NA,NA
"891",5,0,0,0,0,0,0,NA,0
"2694",20,0,0,0,0,0,1,NA,0
"189",0,0,0,0,0,0,0,NA,NA
"865",0,0,0,0,0,0,1,1,NA
"1818",68,0,0,0,0,0,1,NA,0
"1110",0,0,0,0,1,0,1,1,0
"1496",0,0,0,0,0,0,0,NA,NA
"157",90,0,0,0,0,0,0,NA,NA
"1830",0,0,0,0,10,0,0,NA,1
"699",3,0,0,0,0,0,0,NA,0
"23",0,0,0,0,0,0,0,NA,NA
"2651",10,0,0,0,0,0,1,NA,0
"2637",45,0,0,0,0,0,1,NA,NA
"2048",0,30,0,0,0,0,0,NA,0
"856",0,0,0,0,0,0,0,NA,NA
"471",1,0,0,0,0,0,0,NA,0
"1372",135,0,0,0,0,0,0,NA,0
"1388",0,0,0,0,0,0,0,NA,NA
"1171",0,0,5,0,0,0,1,NA,0
"1455",0,0,0,0,0,0,0,NA,NA
"2570",0,0,0,0,0,0,0,NA,NA
"2581",0,0,0,0,0,0,0,NA,NA
"1999",0,0,0,0,0,4,1,NA,0
"1985",17,0,0,0,0,0,0,NA,0
"1470",0,0,0,0,0,0,0,NA,NA
"1323",0,0,0,0,0,0,0,NA,NA
"1321",25,0,0,0,0,0,1,NA,1
"1319",0,0,0,0,0,0,0,NA,NA
"256",0,0,0,0,0,0,0,NA,NA
"1415",0,0,0,0,0,0,0,NA,NA
"611",0,0,0,0,0,0,0,NA,NA
"270",0,0,68,0,0,0,1,NA,0
"2566",50,0,0,0,0,0,0,0,0
"53",0,0,0,0,0,0,0,NA,NA
"2004",2,0,0,0,0,0,0,NA,0
"1646",0,0,0,0,0,0,0,NA,NA
"2112",20,0,0,0,0,0,1,NA,0
"2807",0,0,0,0,0,0,1,NA,0
"665",0,0,0,0,0,0,0,NA,NA
"1695",0,0,0,0,0,0,0,NA,NA
"2768",0,0,0,0,0,0,0,NA,NA
"2803",0,0,0,3,0,0,0,NA,0
"1172",0,0,0,0,0,0,0,NA,NA
"866",0,0,0,0,0,0,0,NA,NA
"2211",0,0,0,0,0,0,0,NA,NA
"631",15,0,0,0,0,0,1,1,0
"313",5,0,0,0,0,0,0,NA,0
"875",10,0,0,0,0,0,0,NA,0
"1821",0,0,0,0,0,0,0,0,NA
"754",0,0,0,0,0,14,0,NA,0
"2707",0,0,0,0,0,0,0,NA,NA
"2044",113,0,0,0,0,0,1,NA,1
"1380",40,0,0,0,0,0,1,1,0
"839",0,0,0,0,0,0,0,NA,NA
"2051",0,0,0,0,0,0,0,NA,NA
"2624",0,0,0,0,0,0,0,NA,NA
"2561",0,0,0,0,0,0,0,NA,NA
"72",14,0,0,0,0,0,0,NA,0
"2523",0,0,0,0,0,0,0,0,NA
"540",0,0,0,0,0,0,0,NA,NA
"2203",0,0,0,0,0,0,0,NA,NA
"896",0,0,0,0,0,0,0,NA,NA
"529",3,0,0,0,0,0,1,0,0
"823",0,0,0,0,0,4,0,NA,0
"1586",0,0,0,0,0,5,0,NA,0
"1749",2,0,0,0,0,0,1,1,NA
"2222",30,0,0,0,0,0,0,NA,0
"1102",0,0,0,0,0,0,0,NA,NA
"1988",40,0,0,0,0,0,0,NA,0
"2536",0,0,0,0,0,0,0,NA,NA
"2528",0,0,0,0,0,0,0,NA,NA
"2108",0,0,45,0,0,0,0,NA,0
"647",0,0,0,0,0,0,0,0,NA
"1819",0,90,0,0,0,0,1,NA,0
"259",0,0,0,0,0,0,0,NA,NA
"2327",0,0,0,0,0,0,0,NA,NA
"888",0,0,0,0,0,0,0,NA,NA
"1795",0,0,0,225,0,0,0,NA,0
"1531",0,0,0,0,0,0,0,NA,NA
"1508",0,0,0,0,0,0,0,NA,NA
"2226",0,0,0,0,0,0,0,NA,NA
"474",0,0,0,0,0,0,0,0,NA
"2767",1,0,0,0,0,0,0,NA,0
"2676",17,0,0,0,0,0,0,NA,NA
"1344",0,0,0,0,2,0,0,NA,0
"932",0,0,0,NA,0,0,1,0,0
"2726",23,0,0,0,0,0,1,0,1
"1957",0,0,0,0,0,0,0,0,NA
"604",0,0,0,0,0,0,0,0,NA
"803",0,0,0,0,0,0,0,NA,NA
"2283",5,0,0,0,0,0,1,0,0
"559",0,0,0,0,0,0,0,NA,NA
"841",75,0,0,0,0,0,0,NA,0
"584",15,0,0,0,0,0,0,NA,0
"655",2,0,0,0,0,0,1,NA,0
"1575",0,0,0,0,0,0,0,NA,NA
"311",0,0,5,0,0,0,1,NA,0
"1901",45,0,0,0,0,0,0,NA,0
"551",0,0,0,0,0,6,1,NA,0
"1833",0,0,0,0,0,0,0,NA,NA
"330",0,0,0,0,0,0,0,NA,NA
"1761",0,0,10,0,0,0,1,NA,0
"1706",NA,0,0,0,0,0,0,0,0
"742",NA,NA,NA,NA,NA,NA,0,NA,0
"606",0,0,0,0,0,0,0,NA,NA
"629",248,0,0,0,0,0,1,NA,1
"1783",0,0,0,0,0,0,0,NA,NA
"1577",0,0,0,0,0,0,0,NA,NA
"1690",30,0,0,0,0,0,0,0,1
"2801",0,0,0,0,23,0,1,NA,1
"1971",0,0,0,0,0,0,1,1,NA
"2515",0,0,0,0,4,0,0,NA,0
"1782",35,0,0,0,0,0,1,NA,0
"1555",0,0,0,0,0,0,0,NA,NA
"2281",0,0,0,0,0,55,1,NA,0
"1096",3,0,0,0,0,0,0,0,0
"1523",0,0,0,0,0,10,0,NA,0
"2258",0,0,0,0,0,0,0,NA,NA
"524",0,0,0,0,0,3,0,NA,0
"649",55,0,0,0,0,0,0,NA,0
"2568",68,0,0,0,0,0,1,0,0
"472",0,0,0,0,0,0,0,NA,NA
"792",0,0,5,0,0,0,1,NA,0
"2579",0,0,0,0,0,0,0,NA,NA
"1160",0,0,0,0,0,0,0,NA,NA
"129",0,0,0,0,0,0,0,NA,NA
"898",0,0,0,0,0,0,0,NA,NA
"2518",0,0,0,0,0,0,0,NA,NA
"1640",0,0,0,0,0,0,0,0,NA
"708",0,0,0,0,0,0,0,0,NA
"281",0,0,0,0,0,0,0,0,NA
"2273",0,0,0,0,0,0,0,NA,NA
"1875",0,0,0,0,0,23,1,NA,0
"2241",23,0,0,0,0,0,1,NA,0
"1454",0,0,0,0,0,0,0,NA,NA
"1411",0,0,0,0,60,0,1,0,0
"1946",20,0,0,0,0,0,1,NA,0
"84",0,0,0,0,0,0,0,NA,NA
"1565",10,0,0,0,0,0,0,NA,0
"1868",0,0,0,0,0,0,0,NA,NA
"2706",0,0,0,0,0,0,1,1,NA
"1409",0,0,0,0,0,0,0,0,NA
"885",0,0,0,0,0,0,0,NA,NA
"2134",50,0,0,0,0,0,0,NA,0
"106",0,0,0,0,0,0,0,0,NA
"155",5,0,0,0,0,0,0,1,0
"971",0,0,0,0,0,0,0,NA,NA
"78",0,0,0,0,0,0,0,NA,NA
"2292",0,0,50,0,0,0,1,1,0
"2659",0,0,0,0,0,0,0,NA,NA
"1981",90,0,0,0,0,0,1,NA,0
"2253",0,0,0,0,0,0,0,NA,NA
"462",0,0,0,0,0,0,0,NA,NA
"1611",0,0,0,0,0,0,0,NA,0
"2638",0,0,0,0,0,0,0,NA,NA
"1556",0,0,0,0,10,0,1,NA,0
"562",0,0,0,0,0,0,0,NA,NA
"2078",0,0,0,0,0,0,0,NA,NA
"1583",0,0,0,0,0,0,0,NA,NA
"179",0,0,0,0,0,0,0,NA,NA
"1628",0,5,0,0,0,0,0,NA,0
"1983",0,0,60,0,0,0,0,NA,0
"13",0,0,0,0,0,0,0,NA,NA
"1004",0,0,0,0,0,0,0,NA,NA
"2527",35,0,0,0,0,0,1,NA,0
"1158",0,0,0,0,10,0,0,NA,0
"833",0,0,0,0,0,0,0,NA,NA
"2082",0,0,0,0,0,0,0,NA,NA
"771",0,0,0,0,0,0,0,NA,NA
"726",0,0,0,0,2,0,0,NA,0
"58",113,0,0,0,0,0,0,NA,0
"1879",0,0,10,0,0,0,0,NA,0
"1298",15,0,0,0,0,0,1,NA,0
"2024",3,0,0,0,0,0,0,NA,0
"1692",113,0,0,0,0,0,1,NA,0
"494",4,0,0,0,0,0,1,NA,0
"2402",0,30,0,0,0,0,0,NA,0
"1802",0,0,0,0,0,0,0,NA,NA
"16",15,0,0,0,0,0,1,NA,NA
"1964",30,0,0,0,0,0,0,NA,0
"1596",0,0,0,0,0,0,0,NA,NA
"1773",0,0,0,0,0,0,0,NA,NA
"1037",40,0,0,0,0,0,0,NA,0
"428",0,0,5,0,0,0,1,NA,0
"2471",0,0,0,0,0,0,0,NA,NA
"2120",0,0,0,0,0,0,0,NA,NA
"2106",0,0,0,0,0,0,0,NA,NA
"805",0,0,0,0,0,0,0,NA,NA
"1050",0,0,0,0,0,0,0,NA,NA
"61",0,0,0,0,0,25,1,NA,0
"424",0,0,0,0,0,135,1,NA,0
"680",25,0,0,0,0,0,1,NA,0
"296",0,0,0,0,0,10,1,NA,0
"108",2,0,0,0,0,0,0,NA,1
"1301",0,0,0,0,0,203,0,NA,0
"380",0,0,0,0,0,0,0,NA,NA
"2180",0,0,0,0,0,0,1,NA,0
"354",0,0,0,0,0,0,0,NA,NA
"1228",20,0,0,0,0,0,0,NA,0
"1175",45,0,0,0,0,0,1,NA,0
"226",0,0,0,0,0,0,0,NA,NA
"732",4,0,0,0,0,0,1,NA,0
"2142",0,0,0,0,0,0,0,NA,0
"2668",0,0,0,0,0,0,0,NA,NA
"2156",10,0,0,0,0,0,1,0,0
"1757",8,0,0,0,0,0,0,NA,0
"1966",0,0,0,0,0,0,0,NA,NA
"1424",0,0,0,5,0,0,1,NA,0
"1926",60,0,0,0,0,0,1,1,0
"117",0,0,60,0,0,0,1,NA,1
"646",0,0,0,0,0,0,0,NA,NA
"2511",0,0,0,0,68,0,1,NA,0
"513",0,0,0,0,0,0,0,NA,NA
"51",203,0,0,0,0,0,0,NA,0
"294",0,0,0,0,0,0,0,NA,NA
"2556",0,0,0,0,0,0,0,NA,NA
"1174",23,0,0,0,0,0,1,NA,NA
"2023",0,0,0,0,0,0,0,0,NA
"819",0,0,0,0,0,0,0,NA,0
"1220",0,30,0,0,0,0,1,NA,0
"2033",0,0,0,0,0,0,0,NA,NA
"177",0,0,0,0,23,0,0,0,0
"837",0,0,0,0,0,0,0,NA,NA
"254",0,0,0,0,0,0,0,NA,NA
"1435",15,0,0,0,0,0,0,NA,0
"1450",30,0,0,0,0,0,1,NA,0
"1641",15,0,0,0,0,0,1,0,0
"2648",0,0,0,0,0,0,0,NA,NA
"1789",0,0,0,0,0,0,0,NA,NA
"65",0,0,0,0,0,0,0,0,NA
"1920",0,0,0,0,0,0,0,NA,NA
"2446",0,0,0,0,4,0,1,1,0
"2377",30,0,0,0,0,0,1,NA,0
"2600",0,0,0,0,0,0,0,NA,0
"1495",0,0,0,0,0,0,0,NA,NA
"412",3,0,0,0,0,0,0,NA,0
"2302",0,0,0,0,0,0,0,NA,NA
"97",0,0,0,0,0,0,0,NA,NA
"2424",0,0,0,0,2,0,0,NA,0
"1205",0,0,0,0,0,0,0,NA,NA
"236",0,0,0,0,0,0,0,0,NA
"221",0,0,0,0,0,6,0,NA,0
"2298",0,0,0,0,0,0,0,NA,NA
"1122",0,0,0,0,0,0,0,NA,NA
"2370",0,0,0,0,5,0,1,NA,0
"1083",158,0,0,0,0,0,0,NA,0
"1677",0,0,0,0,0,0,0,NA,NA
"403",0,0,0,0,0,0,0,NA,NA
"2064",20,0,0,0,0,0,1,1,1
"2769",0,0,0,0,0,0,0,NA,NA
"526",15,0,0,0,0,0,0,NA,0
"745",1,0,0,0,0,0,1,1,0
"347",0,0,0,0,0,0,0,NA,NA
"1406",30,0,0,0,0,0,0,NA,1
"1649",0,0,0,0,0,0,1,1,NA
"788",90,0,0,0,0,0,0,NA,0
"2582",0,0,0,0,0,0,0,NA,NA
"20",0,0,0,0,4,0,0,NA,0
"659",0,0,0,0,0,0,1,1,NA
"2770",0,0,4,0,0,0,0,1,0
"1430",5,0,0,0,0,0,1,NA,0
"528",0,0,0,0,0,0,0,NA,NA
"267",0,0,0,0,0,0,1,1,NA
"903",0,0,0,0,0,0,0,NA,NA
"378",7,0,0,0,0,0,0,NA,0
"2724",0,0,0,0,0,0,0,NA,NA
"953",10,0,0,0,0,0,0,NA,0
"2764",20,0,0,0,0,0,0,NA,0
"2276",40,0,0,0,0,0,1,NA,0
"1568",0,0,0,0,0,0,0,NA,NA
"2492",0,0,0,0,0,0,0,0,NA
"312",0,0,0,0,0,0,0,NA,NA
"1953",0,0,0,0,0,0,1,1,NA
"835",0,0,0,0,10,0,0,NA,0
"92",0,0,0,0,0,0,1,1,0
"2691",0,8,0,0,0,0,0,NA,0
"2449",0,0,0,0,0,0,0,NA,NA
"2009",0,0,0,0,0,0,0,NA,NA
"756",5,0,0,0,0,0,0,NA,0
"824",8,0,0,0,0,0,0,NA,0
"436",0,0,0,0,0,0,0,NA,NA
"863",0,0,0,0,0,0,0,0,NA
"1346",0,0,0,0,0,0,0,NA,NA
"1803",0,0,0,0,0,0,0,NA,NA
"657",0,0,0,0,0,0,0,NA,NA
"1828",0,0,0,0,0,0,0,NA,NA
"978",0,0,0,0,0,0,0,NA,NA
"467",0,0,0,0,5,0,0,1,0
"262",0,0,0,0,0,3,1,NA,0
"1669",50,0,0,0,0,0,1,NA,0
"640",15,0,0,0,0,0,1,NA,0
"435",0,0,0,0,0,0,0,NA,NA
"2558",0,0,0,0,0,0,0,NA,NA
"2371",3,0,0,0,0,0,0,NA,0
"2509",10,0,0,0,0,0,0,NA,0
"1436",0,0,0,0,0,0,0,NA,NA
"930",0,0,0,0,0,0,0,NA,NA
"1326",0,0,0,0,15,0,1,0,0
"1448",0,0,0,0,0,0,0,NA,NA
"2763",0,0,0,0,0,0,0,NA,NA
"488",24,0,0,0,0,0,0,NA,0
"95",0,0,0,0,0,0,1,1,NA
"1395",60,0,0,0,0,0,0,NA,1
"1662",23,0,0,0,0,0,0,NA,1
"465",0,0,0,0,0,0,0,NA,NA
"1712",0,0,0,0,0,0,0,NA,NA
"2046",15,0,0,0,0,0,0,NA,0
"2761",40,0,0,0,0,0,0,NA,NA
"1296",0,0,0,0,0,0,0,NA,NA
"1206",10,0,0,0,0,0,1,1,0
"1123",0,0,0,0,0,0,0,NA,0
"696",0,0,0,0,0,0,0,NA,NA
"664",68,0,0,0,0,0,0,NA,0
"518",0,0,0,0,0,0,0,NA,NA
"2318",15,0,0,0,0,0,0,NA,0
"320",0,0,0,0,0,0,0,NA,NA
"326",0,0,0,0,0,0,0,NA,NA
"1756",0,0,0,0,0,0,0,NA,NA
"2613",0,0,0,0,0,0,0,NA,NA
"2489",540,0,0,0,0,0,0,NA,0
"934",0,0,0,0,0,0,0,NA,NA
"2837",0,0,0,0,0,0,1,1,NA
"2335",0,0,0,1,0,0,0,NA,0
"733",20,0,0,0,0,0,1,NA,0
"2284",0,0,0,0,0,0,0,0,0
"2341",10,0,0,0,0,0,1,NA,0
"1778",0,0,0,2,0,0,0,NA,0
"1146",0,0,0,0,0,0,0,NA,NA
"1288",0,0,0,0,0,0,0,NA,NA
"1847",50,0,0,0,0,0,0,NA,1
"565",0,0,0,0,0,0,0,NA,NA
"1589",0,0,0,0,0,0,0,NA,NA
"309",90,0,0,0,0,0,0,NA,0
"1381",0,0,0,0,0,0,0,NA,NA
"1576",0,0,0,30,0,0,1,NA,0
"1607",40,0,0,0,0,0,1,1,NA
"2844",0,0,0,0,0,0,0,NA,NA
"618",0,0,0,0,15,0,1,NA,0
"1365",0,0,0,0,0,0,0,NA,NA
"2738",0,0,0,0,1,0,0,NA,1
"2172",0,90,0,0,0,0,1,NA,0
"2299",0,0,0,0,0,0,0,NA,NA
"314",135,0,0,0,0,0,0,NA,1
"388",0,0,0,0,0,0,0,NA,NA
"1089",0,0,0,0,0,0,0,NA,NA
"1665",0,0,10,0,0,0,0,NA,0
"1997",15,0,0,0,0,0,1,NA,0
"773",0,0,0,15,0,0,1,0,0
"1617",0,0,0,0,0,0,0,0,NA
"716",4,0,0,0,0,0,0,NA,0
"1253",0,0,0,0,0,0,0,NA,NA
"2252",0,0,0,0,0,0,0,NA,NA
"1680",30,0,0,0,0,0,1,NA,0
"2144",70,0,0,0,0,0,0,1,0
"1506",0,0,0,0,0,0,0,NA,1
"2500",0,0,0,0,0,0,0,NA,NA
"1051",0,0,0,0,0,0,0,NA,NA
"1618",0,0,0,0,0,0,0,NA,NA
"2698",0,0,0,0,0,0,0,NA,NA
"812",20,0,0,0,0,0,0,NA,0
"293",68,0,0,0,0,0,1,NA,0
"107",0,0,30,0,0,0,0,NA,0
"2008",1,0,0,0,0,0,1,NA,0
"2297",0,30,0,0,0,0,0,NA,NA
"181",0,0,0,0,0,0,0,NA,NA
"1148",0,0,0,0,0,0,0,NA,NA
"660",60,0,0,0,0,0,1,NA,1
"145",0,0,10,0,0,0,1,1,0
"800",0,0,0,20,0,0,1,0,0
"1996",0,0,0,0,0,0,0,NA,NA
"1769",0,68,0,0,0,0,1,NA,1
"331",0,0,0,0,0,0,0,NA,NA
"1",0,0,0,0,0,0,0,NA,NA
"258",0,0,0,0,0,0,0,NA,NA
"2352",0,0,0,0,0,30,1,NA,0
"1184",0,0,0,0,0,0,0,NA,NA
"151",2,0,0,0,0,0,1,NA,0
"1182",0,0,0,0,0,0,0,NA,NA
"2458",NA,0,0,0,0,0,0,NA,0
"1294",23,0,0,0,0,0,0,NA,0
"1753",0,0,0,0,0,0,0,NA,NA
"1582",0,0,0,0,0,0,0,0,NA
"426",10,0,0,0,0,0,1,1,0
"362",50,0,0,0,0,0,0,NA,0
"2186",0,0,0,0,0,0,0,NA,NA
"1088",0,0,0,0,0,0,0,NA,NA
"411",0,0,0,0,0,0,1,1,0
"303",0,0,0,45,0,0,0,NA,0
"744",55,0,0,0,0,0,1,NA,1
"625",225,0,0,0,0,0,0,NA,NA
"1222",0,0,0,0,0,0,0,NA,NA
"596",0,0,0,0,0,0,1,1,NA
"710",0,0,0,55,0,0,1,1,0
"30",0,0,0,0,0,0,0,NA,NA
"245",0,0,0,0,0,0,0,NA,NA
"2201",0,0,0,0,0,0,0,NA,NA
"905",0,0,0,0,0,0,0,NA,NA
"2427",0,0,0,0,0,0,0,NA,NA
"589",0,0,0,0,0,0,0,NA,NA
"1211",0,0,0,0,45,0,0,NA,0
"1210",0,0,0,0,0,0,0,NA,NA
"1135",0,0,0,0,0,0,1,1,NA
"1103",0,0,0,0,0,0,0,NA,NA
"705",0,0,0,0,0,0,0,0,NA
"2389",0,0,0,0,0,0,0,NA,NA
"2363",0,0,0,0,0,0,0,NA,NA
"1498",30,0,0,0,0,0,0,0,1
"477",0,0,0,0,0,0,0,NA,NA
"577",0,0,0,0,0,0,0,NA,NA
"985",0,0,0,0,0,0,0,NA,NA
"1165",0,0,0,0,0,0,0,NA,NA
"2417",113,0,0,0,0,0,0,NA,0
"2187",0,0,0,0,0,0,0,NA,NA
"2090",3,0,0,0,0,0,1,0,0
"365",6,0,0,0,0,0,0,NA,0
"2622",0,0,0,0,0,0,0,NA,NA
"2692",0,0,0,0,0,0,0,NA,NA
"2497",0,60,0,0,0,0,1,NA,0
"230",0,0,0,0,0,0,0,NA,NA
"1322",0,60,0,0,0,0,1,NA,1
"150",10,0,0,0,0,0,1,NA,1
"2083",0,0,0,0,0,0,0,0,NA
"2382",0,0,0,0,0,0,0,NA,NA
"1353",0,0,0,0,0,0,0,NA,NA
"1239",0,0,0,0,0,0,0,NA,NA
"46",0,0,0,0,0,0,0,NA,NA
"781",5,0,0,0,0,0,1,NA,0
"2604",0,0,0,0,0,0,0,NA,NA
"1612",0,0,0,0,0,0,0,NA,NA
"799",0,0,0,0,0,0,0,NA,NA
"1142",45,0,0,0,0,0,0,NA,1
"479",0,0,0,0,0,0,0,NA,NA
"98",0,0,0,0,0,0,0,NA,NA
"231",113,0,0,0,0,0,1,NA,0
"1736",0,0,0,0,0,0,0,NA,NA
"2307",0,0,0,0,0,0,0,NA,NA
"825",0,0,0,0,8,0,0,NA,0
"1816",0,0,0,0,0,0,0,NA,NA
"2230",0,0,0,0,25,0,1,NA,0
"2254",0,0,0,0,0,0,0,NA,NA
"425",0,0,0,0,0,0,0,NA,NA
"409",0,0,0,0,0,0,1,1,NA
"333",0,0,0,0,0,0,1,1,NA
"1115",0,0,45,0,0,0,1,NA,0
"2111",0,0,0,0,0,0,0,NA,NA
"1737",0,0,0,0,0,0,0,NA,NA
"617",0,0,0,0,0,0,0,NA,NA
"431",0,0,0,0,0,0,0,NA,NA
"1216",0,0,0,0,0,0,0,NA,NA
"922",0,0,0,0,0,0,0,NA,NA
"2163",0,0,0,0,0,0,0,NA,NA
"2715",0,0,0,0,0,0,0,NA,NA
"291",45,0,0,0,0,0,0,NA,0
"81",10,0,0,0,0,0,0,NA,0
"2535",0,0,0,0,0,0,1,1,NA
"1427",0,0,0,0,0,0,0,NA,NA
"870",0,0,0,0,0,0,0,NA,NA
"751",0,40,0,0,0,0,1,NA,0
"2351",0,0,0,0,0,0,0,NA,NA
"2631",25,0,0,0,0,0,0,NA,0
"2243",0,0,0,0,0,0,0,NA,NA
"998",0,0,0,0,0,0,0,NA,NA
"2817",10,0,0,0,0,0,0,NA,0
"2405",3,0,0,0,0,0,0,NA,0
"1731",0,0,0,0,0,0,0,NA,NA
"1526",20,0,0,0,0,0,0,NA,0
"351",8,0,0,0,0,0,0,NA,0
"1188",0,0,0,0,0,0,0,NA,NA
"956",0,0,0,6,0,0,0,NA,0
"1993",0,0,0,0,0,23,0,NA,0
"1629",0,0,0,0,0,0,0,NA,NA
"511",0,0,0,0,0,0,0,NA,NA
"1681",0,0,0,0,0,0,0,NA,NA
"165",0,0,0,0,0,0,0,NA,NA
"433",0,0,0,0,0,0,0,NA,NA
"1843",0,0,0,0,0,0,0,0,NA
"1194",0,0,0,0,0,0,0,NA,NA
"2635",0,0,0,0,0,0,0,NA,NA
"782",2,0,0,0,0,0,0,NA,0
"2779",0,0,0,0,0,0,0,NA,NA
"2210",0,0,0,0,0,0,0,NA,NA
"2748",0,0,0,0,0,0,0,NA,NA
"1093",0,0,0,0,0,0,1,1,NA
"795",0,0,0,0,0,0,0,NA,NA
"1943",0,0,0,0,0,0,0,NA,NA
"2795",45,0,0,0,0,0,0,NA,0
"349",0,0,0,0,0,0,0,NA,NA
"2804",0,0,0,0,0,0,0,NA,NA
"1277",0,0,0,0,7,0,1,0,0
"509",0,0,0,0,0,0,1,1,NA
"2464",0,0,0,0,0,0,0,NA,NA
"406",5,0,0,0,0,0,0,NA,0
"1373",0,60,0,0,0,0,1,NA,0
"2709",0,40,0,0,0,0,1,1,0
"637",0,0,0,0,0,0,0,NA,NA
"610",0,0,0,0,0,0,0,NA,NA
"486",15,0,0,0,0,0,1,NA,0
"2220",0,0,0,0,0,0,1,NA,0
"1651",0,0,0,0,0,0,0,NA,NA
"1842",0,0,0,0,0,0,0,0,NA
"2365",0,0,0,0,0,0,0,NA,NA
"553",0,0,0,0,0,0,0,NA,NA
"217",5,0,0,0,0,0,0,NA,0
"1017",0,0,0,0,0,0,0,NA,NA
"2126",65,0,0,0,0,0,0,NA,1
"1068",90,0,0,0,0,0,1,NA,0
"887",0,0,0,0,0,0,0,NA,NA
"1538",0,0,0,0,0,0,0,NA,NA
"1929",0,0,0,0,0,0,0,NA,NA
"1134",0,0,0,0,0,0,0,NA,NA
"1613",0,113,0,0,0,0,0,NA,0
"2099",0,0,0,0,0,0,0,NA,NA
"1619",23,0,0,0,0,0,0,NA,0
"2036",1,0,0,0,0,0,0,0,0
"1434",1,0,0,0,0,0,1,NA,0
"195",0,0,0,0,0,0,0,NA,NA
"2179",0,0,0,0,0,0,0,NA,NA
"1858",0,0,0,0,0,15,0,NA,0
"405",0,0,0,0,0,0,0,NA,NA
"2035",0,135,0,0,0,0,1,NA,0
"1928",0,90,0,0,0,0,1,NA,1
"2454",0,0,0,0,5,0,0,NA,0
"451",0,0,10,0,0,0,0,NA,0
"2618",0,0,0,0,0,0,0,NA,NA
"981",0,0,0,0,0,45,1,1,0
"2232",0,0,0,0,15,0,0,NA,0
"1085",0,0,0,0,10,0,0,NA,0
"132",30,0,0,0,0,0,0,NA,0
"2513",0,90,0,0,0,0,1,NA,0
"798",0,0,0,0,0,0,0,0,NA
"17",0,0,0,0,0,0,1,NA,NA
"2450",0,0,0,0,0,0,0,NA,NA
"55",45,0,0,0,0,0,0,NA,1
"227",0,0,0,0,0,0,0,NA,NA
"2257",0,0,0,0,0,0,0,NA,NA
"1119",0,0,0,0,0,0,0,NA,NA
"1698",0,0,0,0,0,0,0,NA,NA
"1360",0,0,5,0,0,0,0,NA,0
"2088",0,0,0,0,0,0,0,NA,NA
"772",0,0,0,0,0,0,0,NA,NA
"1124",0,0,0,0,0,0,0,NA,NA
"1231",0,0,0,135,0,0,0,NA,0
"1608",0,0,10,0,0,0,0,NA,0
"2653",135,0,0,0,0,0,0,NA,1
"2644",0,0,0,0,0,0,0,NA,NA
"1851",0,0,0,0,0,0,0,NA,NA
"2494",0,0,0,4,0,0,1,NA,0
"172",15,0,0,0,0,0,1,NA,0
"737",0,0,0,0,0,0,0,NA,NA
"1281",0,0,0,0,0,0,0,NA,NA
"1748",0,0,0,10,0,0,1,0,0
"1800",0,0,0,0,0,0,0,NA,NA
"989",0,0,0,0,0,0,0,NA,NA
"183",0,0,10,0,0,0,0,NA,0
"2689",0,0,0,0,0,0,0,NA,NA
"1268",0,0,5,0,0,0,1,NA,1
"2322",0,0,0,0,0,0,0,NA,NA
"811",0,0,0,0,0,0,1,1,NA
"941",0,0,0,0,0,0,0,NA,NA
"2459",0,0,0,0,0,0,0,NA,NA
"549",0,0,0,0,0,0,0,NA,NA
"1292",68,0,0,0,0,0,0,NA,1
"847",NA,0,0,0,0,0,0,NA,0
"21",68,0,0,0,0,0,0,1,0
"2266",113,0,0,0,0,0,0,NA,0
"1207",0,0,0,0,0,0,0,NA,NA
"2773",0,0,0,0,0,0,0,NA,NA
"2047",0,30,0,0,0,0,0,NA,0
"344",0,0,0,0,0,0,0,NA,NA
"1494",0,0,0,0,0,0,0,NA,NA
"1198",40,0,0,0,0,0,1,NA,0
"2182",0,0,0,0,15,0,0,NA,NA
"1653",110,0,0,0,0,0,0,NA,0
"1832",0,0,0,0,0,0,0,NA,NA
"38",0,0,0,0,0,0,0,0,NA
"1542",0,0,0,0,0,0,0,NA,NA
"173",0,0,0,0,0,0,0,NA,NA
"2701",0,0,0,0,0,0,0,NA,NA
"2608",10,0,0,0,0,0,1,NA,0
"2103",0,0,0,0,0,0,0,NA,NA
"163",0,0,60,0,0,0,1,NA,NA
"382",0,0,0,0,0,0,0,NA,NA
"1417",0,0,0,0,0,0,0,0,NA
"1809",0,0,0,0,0,0,0,NA,NA
"1527",0,0,0,0,0,0,0,NA,NA
"1425",0,0,0,0,0,0,0,NA,NA
"286",0,0,0,10,0,0,0,1,0
"2519",0,0,0,0,0,0,0,NA,0
"828",0,0,0,0,0,0,0,NA,NA
"2065",5,0,0,0,0,0,1,NA,0
"2285",5,0,0,0,0,0,0,NA,0
"594",0,0,0,0,0,0,0,0,NA
"783",0,0,0,0,0,0,0,NA,NA
"57",10,0,0,0,0,0,0,NA,0
"1242",30,0,0,0,0,0,1,NA,0
"2013",0,0,0,0,0,0,0,NA,NA
"2150",15,0,0,0,0,0,0,NA,0
"603",0,0,0,0,0,0,0,NA,NA
"1986",10,0,0,0,0,0,0,NA,0
"675",40,0,0,0,0,0,1,NA,0
"734",0,0,0,0,0,2,0,NA,0
"1998",NA,0,0,0,0,0,0,NA,0
"724",0,0,0,0,0,0,0,NA,NA
"2629",0,0,0,0,0,0,0,NA,NA
"993",0,0,0,0,0,0,0,NA,NA
"535",0,0,0,0,0,10,0,NA,1
"80",0,0,0,0,0,0,0,NA,NA
"1570",0,0,0,0,0,0,0,NA,NA
"1714",0,0,0,0,0,0,0,0,NA
"206",0,0,0,0,0,0,1,1,NA
"1504",0,40,0,0,0,0,1,NA,0
"1657",25,0,0,0,0,0,1,0,0
"2295",0,10,0,0,0,0,1,1,0
"2679",0,0,0,0,0,0,0,0,NA
"387",0,45,0,0,0,0,0,NA,0
"439",5,0,0,0,0,0,0,NA,0
"2811",10,0,0,0,0,0,1,0,0
"1609",0,0,0,0,0,0,0,NA,NA
"1299",0,0,0,0,0,0,0,0,NA
"2650",0,0,0,0,0,0,0,NA,NA
"457",0,0,0,0,0,0,0,NA,NA
"2541",0,0,68,0,0,0,1,NA,0
"1334",0,0,0,0,0,0,0,NA,NA
"1869",35,0,0,0,0,0,1,NA,0
"192",0,0,0,0,0,0,0,NA,NA
"925",90,0,0,0,0,0,0,NA,0
"1764",23,0,0,0,0,0,1,NA,0
"2753",0,0,0,0,0,0,0,NA,NA
"909",10,0,0,0,0,0,0,NA,0
"988",0,0,0,0,0,0,0,NA,NA
"1421",0,0,0,0,0,0,0,NA,NA
"91",0,0,0,0,0,0,0,0,0
"215",0,0,0,0,0,0,0,NA,NA
"2373",0,0,0,0,0,0,0,NA,NA
"560",0,0,0,0,0,0,0,NA,NA
"473",0,0,0,4,0,0,0,NA,1
"2571",0,0,0,0,0,0,0,NA,NA
"2704",0,0,0,0,0,0,0,NA,NA
"427",9,0,0,0,0,0,1,1,0
"419",25,0,0,0,0,0,0,NA,NA
"1606",6,0,0,0,0,0,1,NA,0
"1130",0,0,0,0,0,0,0,0,NA
"2839",68,0,0,0,0,0,1,NA,1
"580",0,0,0,0,0,0,0,NA,NA
"1007",0,0,0,0,0,0,0,NA,NA
"1673",0,0,0,2,0,0,1,NA,0
"358",0,0,0,0,0,0,0,NA,NA
"2736",0,0,0,0,0,0,0,NA,NA
"300",0,0,0,0,10,0,1,NA,0
"1378",0,0,0,0,0,0,0,NA,NA
"432",0,0,0,0,0,0,0,NA,NA
"168",0,0,0,0,0,0,0,NA,NA
"669",0,0,0,0,0,7,1,NA,0
"271",0,0,0,0,0,0,0,NA,NA
"658",0,0,0,0,0,0,0,0,NA
"501",0,0,0,0,0,2,1,1,0
"1154",0,0,0,0,0,0,0,NA,NA
"1021",15,0,0,0,0,0,1,NA,0
"2685",0,0,0,0,0,0,1,1,NA
"2455",55,0,0,0,0,0,0,NA,0
"561",15,0,0,0,0,0,0,1,0
"2098",30,0,0,0,0,0,0,NA,0
"2669",3,0,0,0,0,0,0,NA,0
"2727",0,0,0,0,0,0,0,NA,NA
"945",0,68,0,0,0,0,0,NA,0
"1515",0,0,30,0,0,0,0,NA,0
"2233",0,0,0,0,0,0,0,NA,NA
"2031",0,0,0,0,0,0,0,NA,NA
"979",3,0,0,0,0,0,0,NA,0
"975",20,0,0,0,0,0,0,NA,0
"193",0,0,0,0,0,0,0,NA,NA
"2799",4,0,0,0,0,0,0,NA,0
"272",0,0,0,0,0,0,0,0,NA
"2606",0,0,0,0,0,0,1,0,0
"2010",15,0,0,0,0,0,1,1,0
"340",0,0,0,0,0,0,0,NA,NA
"73",0,0,0,0,0,0,1,1,NA
"661",0,0,0,0,0,0,0,NA,NA
"2238",0,0,0,0,0,0,1,1,NA
"1908",0,0,0,0,0,0,0,NA,NA
"2436",0,0,15,0,0,0,0,NA,0
"401",0,0,0,0,0,0,0,NA,NA
"1672",4,0,0,0,0,0,0,1,0
"1487",0,0,0,0,0,0,0,NA,NA
"2777",0,0,0,0,0,0,0,NA,NA
"2710",15,0,0,0,0,0,0,NA,0
"1067",0,0,0,0,0,0,0,NA,NA
"2388",20,0,0,0,0,0,0,NA,0
"1431",0,0,0,0,5,0,0,NA,NA
"156",68,0,0,0,0,0,1,NA,0
"2434",0,0,0,0,0,0,0,NA,NA
"2756",0,0,40,0,0,0,1,NA,0
"867",0,0,0,0,0,0,0,NA,NA
"2813",0,0,0,0,0,0,1,NA,0
"1377",30,0,0,0,0,0,0,NA,0
"1155",0,0,0,0,0,0,0,NA,NA
"713",5,0,0,0,0,0,1,NA,0
"2557",0,0,0,0,30,0,1,1,0
"1987",0,0,10,0,0,0,0,NA,0
"158",0,0,0,0,0,0,0,0,NA
"1490",0,0,0,0,0,0,0,NA,NA
"1493",0,0,0,0,0,0,0,NA,NA
"1098",10,0,0,0,0,0,1,1,0
"1884",0,0,0,0,0,0,0,NA,NA
"765",0,0,0,0,0,0,0,NA,NA
"1896",0,0,0,0,10,0,1,NA,0
"1772",NA,0,0,0,0,0,1,NA,0
"641",0,0,0,0,0,0,0,NA,NA
"104",30,0,0,0,0,0,0,NA,0
"1955",55,0,0,0,0,0,0,NA,1
"127",0,0,0,38,0,0,1,NA,0
"2735",0,0,0,0,0,0,0,NA,NA
"1524",5,0,0,0,0,0,0,1,0
"422",30,0,0,0,0,0,0,NA,0
"677",0,0,0,0,0,0,1,1,NA
"2546",0,0,0,0,0,0,0,NA,NA
"620",0,0,0,0,0,0,0,NA,NA
"2062",0,0,0,0,0,0,0,NA,NA
"2287",0,0,0,0,0,0,0,NA,NA
"761",30,0,0,0,0,0,1,NA,0
"1212",30,0,0,0,0,0,0,NA,0
"19",0,0,0,0,0,0,0,NA,NA
"1763",203,0,0,0,0,0,0,NA,0
"687",0,0,0,10,0,0,0,NA,0
"1591",0,45,0,0,0,0,0,NA,0
"456",0,0,0,0,0,0,0,NA,NA
"2396",0,0,0,0,0,0,0,NA,NA
"304",0,0,0,0,10,0,1,NA,0
"2585",158,0,0,0,0,0,1,NA,1
"1588",45,0,0,0,0,0,1,0,0
"2845",0,30,0,0,0,0,0,NA,0
"121",3,0,0,0,0,0,0,NA,0
"1777",15,0,0,0,0,0,0,0,1
"1659",113,0,0,0,0,0,0,NA,0
"1978",0,0,0,0,0,0,0,NA,NA
"1161",0,0,68,0,0,0,0,NA,0
"1084",0,0,0,0,0,0,0,NA,NA
"821",25,0,0,0,0,0,0,NA,0
"1389",0,0,0,0,0,0,0,NA,NA
"1894",113,0,0,0,0,0,0,NA,0
"662",0,0,5,0,0,0,0,NA,0
"2052",0,0,0,0,0,0,0,NA,NA
"850",0,0,0,0,0,0,0,0,NA
"1191",0,0,0,0,0,0,0,NA,NA
"423",0,0,0,0,0,0,0,NA,NA
"1733",0,40,0,0,0,0,1,NA,0
"285",90,0,0,0,0,0,0,NA,0
"356",23,0,0,0,0,0,1,NA,0
"408",44,0,0,0,0,0,1,NA,0
"1355",0,0,0,0,0,0,0,NA,NA
"628",50,0,0,0,0,0,0,NA,0
"1185",0,0,0,0,0,0,0,NA,NA
"1823",0,0,0,0,0,0,0,0,NA
"2620",1,0,0,0,0,0,0,NA,0
"1018",0,0,0,0,0,0,0,NA,NA
"2705",0,0,0,0,0,0,0,NA,NA
"328",15,0,0,0,0,0,0,0,0
"2643",0,0,0,0,0,0,0,NA,NA
"2097",55,0,0,0,0,0,1,NA,0
"2218",0,0,0,0,0,0,0,NA,NA
"2640",0,0,0,0,0,0,0,NA,NA
"1192",0,0,0,0,0,0,0,NA,NA
"682",0,0,0,0,0,0,0,NA,NA
"366",0,0,0,0,0,0,0,NA,NA
"1114",0,0,0,0,0,0,0,NA,NA
"667",0,0,0,0,0,0,0,NA,NA
"1359",0,0,0,0,0,0,0,NA,NA
"2208",0,0,0,0,0,0,0,0,NA
"1786",0,0,0,0,0,0,0,NA,NA
"2505",0,0,0,0,0,0,1,1,NA
"370",0,0,0,0,0,0,0,NA,NA
"2778",0,0,0,0,0,0,0,NA,NA
"721",30,0,0,0,0,0,0,NA,0
"926",0,0,0,0,0,0,0,NA,NA
"1585",15,0,0,0,0,0,0,NA,1
"1465",0,0,0,0,0,0,0,NA,NA
"137",0,0,0,0,0,0,0,NA,NA
"1491",0,0,0,0,0,0,1,1,NA
"85",0,0,0,0,0,0,0,NA,NA
"1569",0,0,0,0,0,0,0,NA,NA
"1010",270,0,0,0,0,0,0,NA,NA
"47",NA,0,0,0,0,0,1,NA,0
"247",90,0,0,0,0,0,0,NA,0
"39",0,0,0,0,0,0,0,NA,NA
"383",0,0,3,0,0,0,1,NA,0
"481",0,0,0,0,0,0,0,NA,NA
"222",7,0,0,0,0,0,0,NA,0
"1855",0,0,0,0,0,0,0,NA,NA
"2483",0,0,0,0,0,NA,1,NA,0
"1459",0,60,0,0,0,0,1,NA,0
"1011",0,0,0,0,0,0,0,NA,NA
"229",0,0,0,0,0,0,1,1,NA
"2154",0,0,0,0,0,0,0,NA,0
"1232",0,0,0,0,0,0,0,NA,NA
"1273",0,0,0,0,0,0,0,NA,NA
"1384",0,0,0,0,0,0,0,NA,NA
"1994",0,0,0,0,0,0,0,NA,NA
"556",0,0,2,0,0,0,0,0,0
"2228",0,0,0,0,0,0,0,0,NA
"2849",0,0,0,0,0,0,0,NA,NA
"2267",0,0,0,0,0,0,0,NA,NA
"1393",15,0,0,0,0,0,0,NA,0
"1573",0,0,0,0,0,0,0,NA,NA
"2829",113,0,0,0,0,0,1,0,1
"1571",0,0,0,10,0,0,0,NA,0
"1715",45,0,0,0,0,0,0,NA,0
"228",0,0,0,0,0,90,0,NA,0
"2093",0,0,0,0,0,0,0,NA,NA
"2819",0,0,0,0,0,0,0,NA,NA
"2550",0,0,0,0,14,0,0,NA,0
"2255",0,0,0,0,0,0,0,NA,NA
"1303",0,0,0,0,0,0,0,NA,NA
"623",90,0,0,0,0,0,0,NA,NA
"1390",20,0,0,0,0,0,1,NA,0
"1107",0,0,0,0,0,0,0,NA,NA
"740",0,0,0,0,0,0,0,NA,NA
"2383",0,0,0,0,0,0,0,NA,NA
"571",0,0,0,0,0,0,0,NA,NA
"2007",0,0,0,0,0,0,0,NA,NA
"1949",22,0,0,0,0,0,1,NA,0
"1909",0,0,0,0,0,0,0,NA,NA
"1249",0,0,0,0,0,10,1,NA,1
"1027",0,0,0,0,0,0,0,NA,0
"820",0,0,0,0,0,0,0,NA,0
"1140",0,0,0,0,0,20,0,NA,0
"982",19,0,0,0,0,0,1,NA,0
"1363",45,0,0,0,0,0,0,NA,0
"11",68,0,0,0,0,0,1,NA,0
"1086",0,0,0,0,0,0,0,NA,NA
"2821",0,0,0,0,0,0,0,NA,NA
"2569",0,0,0,0,0,0,0,NA,NA
"1079",3,0,0,0,0,0,1,NA,0
"859",0,0,0,0,25,0,1,NA,0
"691",0,0,0,0,0,0,0,NA,NA
"211",0,0,0,0,0,0,0,NA,0
"445",0,0,0,0,0,0,0,NA,NA
"323",0,0,0,0,0,0,0,NA,NA
"2444",0,0,0,0,0,0,0,NA,NA
"2129",0,0,0,0,30,0,0,NA,0
"135",0,0,0,0,0,0,0,NA,NA
"1105",20,0,0,0,0,0,0,NA,0
"1948",0,0,0,0,0,0,0,NA,NA
"336",0,0,0,0,0,5,1,0,0
"883",0,0,0,0,0,0,0,0,NA
"2256",0,0,68,0,0,0,1,NA,0
"2790",0,0,0,0,0,0,0,NA,NA
"1866",0,0,0,0,0,20,0,NA,0
"600",0,0,0,0,0,0,0,NA,NA
"983",0,0,0,0,0,0,0,NA,NA
"576",0,0,0,0,0,0,0,NA,NA
"197",0,0,0,0,0,0,0,NA,0
"929",0,0,0,0,0,21,0,NA,0
"146",0,0,0,0,0,0,0,NA,NA
"468",0,30,0,0,0,0,1,1,0
"1287",0,0,0,0,5,0,1,NA,0
"2194",68,0,0,0,0,0,0,NA,1
"1113",0,0,0,5,0,0,0,NA,0
"2792",0,0,0,0,0,0,1,1,NA
"376",0,0,0,0,0,0,0,NA,NA
"34",0,0,0,0,0,0,0,0,NA
"986",0,0,0,0,0,0,1,0,0
"2419",0,0,0,0,0,0,0,NA,NA
"350",0,0,0,5,0,0,0,NA,0
"2783",0,0,0,0,0,0,0,NA,NA
"946",0,0,0,0,0,0,0,NA,NA
"418",0,0,0,0,0,0,0,NA,NA
"1857",0,0,0,0,0,0,0,NA,NA
"1109",0,0,0,0,0,0,0,0,NA
"200",0,0,0,0,0,0,0,NA,NA
"1336",0,0,5,0,0,0,1,NA,1
"249",0,0,0,0,20,0,1,NA,0
"2030",0,30,0,0,0,0,0,NA,0
"1279",0,0,0,0,0,0,0,0,NA
"2342",25,0,0,0,0,0,1,NA,0
"1041",0,0,0,0,0,0,0,0,NA
"1023",0,0,0,0,0,0,0,NA,NA
"379",0,60,0,0,0,0,0,NA,0
"1219",20,0,0,0,0,0,0,NA,0
"832",15,0,0,0,0,0,0,NA,0
"1599",20,0,0,0,0,0,0,NA,0
"49",50,0,0,0,0,0,1,NA,0
"187",25,0,0,0,0,0,0,NA,0
"1845",0,0,0,0,0,0,0,NA,NA
"449",0,0,0,0,45,0,0,0,0
"1903",0,0,0,0,0,0,0,NA,NA
"764",0,0,0,0,0,0,0,NA,NA
"582",0,0,0,0,0,10,0,NA,0
"2259",0,0,0,0,0,0,0,NA,NA
"2423",68,0,0,0,0,0,1,NA,1
"1190",0,0,0,0,0,0,0,NA,NA
"1385",0,0,0,0,0,0,0,NA,NA
"70",0,0,0,0,0,0,0,NA,NA
"702",0,0,0,0,0,10,0,NA,0
"2314",0,0,0,0,0,0,0,NA,NA
"302",0,0,0,0,0,0,0,NA,NA
"1419",11,0,0,0,0,0,1,1,0
"161",0,0,0,7,0,0,1,NA,0
"2393",0,0,0,0,0,9,1,0,0
"987",0,0,0,0,0,0,0,0,NA
"554",20,0,0,0,0,0,1,0,0
"2361",30,0,0,0,0,0,1,NA,0
"1787",4,0,0,0,0,0,1,0,0
"2826",0,0,0,0,0,0,0,NA,NA
"2164",0,0,0,0,0,0,0,NA,NA
"1793",0,0,0,0,0,0,0,0,NA
"1656",0,0,0,0,0,0,0,NA,NA
"2355",0,0,0,0,0,0,0,NA,NA
"2496",0,0,0,0,4,0,1,0,0
"42",0,0,0,0,0,0,0,0,NA
"2632",0,0,0,0,0,0,0,NA,NA
"1913",1,0,0,0,0,0,0,NA,0
"1152",0,0,5,0,0,0,1,NA,0
"2719",0,0,0,0,0,0,0,0,NA
"1432",0,0,0,0,0,0,0,NA,NA
"1030",0,0,0,5,0,0,1,NA,0
"209",0,0,0,0,0,0,0,NA,NA
"2657",0,0,0,0,0,0,0,NA,NA
"2784",NA,NA,NA,NA,NA,NA,1,0,0
"748",1,0,0,0,0,0,1,NA,0
"2337",10,0,0,0,0,0,1,1,0
"2015",0,0,0,0,0,0,1,1,NA
"1959",5,0,0,0,0,0,0,NA,0
"2501",45,0,0,0,0,0,0,NA,0
"9",0,0,0,0,0,0,0,NA,NA
"59",0,0,0,0,0,0,0,NA,NA
"1040",0,0,0,0,0,0,0,NA,NA
"890",0,0,0,10,0,0,0,NA,0
"220",0,135,0,0,0,0,1,0,NA
"2667",0,60,0,0,0,0,1,NA,1
"639",0,0,0,0,0,0,0,NA,NA
"2842",20,0,0,0,0,0,0,NA,0
"815",0,0,0,0,0,0,0,NA,NA
"116",0,0,0,0,0,0,0,NA,NA
"616",4,0,0,0,0,0,0,NA,0
"755",4,0,0,0,0,0,0,NA,0
"770",0,0,0,0,0,0,0,NA,NA
"368",NA,NA,NA,NA,NA,0,1,NA,1
"2680",14,0,0,0,0,0,1,NA,0
"317",0,0,0,4,0,0,0,NA,0
"1974",0,0,0,0,0,0,0,NA,NA
"1022",0,0,0,0,0,0,0,NA,NA
"2846",3,0,0,0,0,0,0,NA,0
"1094",0,30,0,0,0,0,1,NA,NA
"672",0,0,0,0,0,0,0,NA,NA
"943",0,0,0,0,0,0,0,NA,NA
"951",0,0,0,0,0,0,1,1,NA
"133",0,0,3,0,0,0,1,NA,0
"2746",0,0,0,0,0,0,0,NA,NA
"1652",0,0,0,0,0,0,0,NA,NA
"2152",10,0,0,0,0,0,1,1,0
"1991",0,0,0,0,0,0,0,NA,NA
"2545",0,0,0,0,0,0,0,NA,NA
"809",25,0,0,0,0,0,0,NA,0
"858",0,0,0,0,0,0,0,NA,NA
"1710",0,0,0,0,0,0,0,NA,NA
"1014",0,0,0,0,0,0,0,NA,NA
"1352",0,0,3,0,0,0,0,NA,0
"1740",0,0,0,0,0,0,0,NA,NA
"2656",NA,0,0,0,0,0,1,1,1
"2733",203,0,0,0,0,0,0,NA,0
"2762",NA,NA,NA,NA,NA,0,0,NA,0
"2214",0,0,0,0,0,0,0,NA,NA
"1558",0,0,0,0,0,0,0,NA,NA
"438",0,0,0,0,30,0,1,NA,0
"814",0,0,0,0,0,0,0,0,NA
"1853",0,0,0,0,0,0,0,NA,NA
"1626",0,0,0,0,0,0,0,NA,NA
"2124",0,0,0,0,0,0,0,NA,NA
"176",0,0,0,0,0,10,1,NA,0
"1499",158,0,0,0,0,0,0,NA,0
"1001",0,0,0,0,0,0,0,NA,NA
"124",10,0,0,0,0,0,1,NA,0
"1071",0,0,0,0,0,0,0,NA,NA
"1810",0,0,0,0,0,0,1,1,NA
"373",0,0,0,0,0,0,0,NA,NA
"2476",10,0,0,0,0,0,0,NA,0
"1590",0,0,0,0,0,0,0,NA,0
"2661",0,0,0,0,0,0,0,NA,NA
"1317",0,0,0,0,0,0,0,0,NA
"1446",90,0,0,0,0,0,1,0,1
"1478",0,0,30,0,0,0,0,NA,NA
"2630",0,0,0,0,0,0,1,1,NA
"1648",3,0,0,0,0,0,0,NA,0
"954",0,0,0,0,0,0,0,NA,NA
"1561",3,0,0,0,0,0,1,0,0
"2193",5,0,0,0,0,0,0,NA,0
"447",0,0,0,0,0,0,0,0,NA
"1724",0,0,0,0,0,25,1,NA,0
"2338",25,0,0,0,0,0,0,NA,0
"1536",0,0,0,0,0,0,0,0,NA
"2611",0,0,0,0,3,0,0,NA,0
"1732",50,0,0,0,0,0,1,NA,0
"685",0,0,0,0,0,0,0,NA,NA
"2840",0,0,0,0,0,0,0,NA,NA
"1150",0,0,0,0,0,0,0,NA,NA
"530",10,0,0,0,0,0,0,NA,0
"1794",0,0,0,0,0,0,0,NA,NA
"650",0,0,0,0,0,0,0,NA,NA
"1313",35,0,0,0,0,0,1,NA,0
"1428",20,0,0,0,0,0,0,NA,0
"502",10,0,0,0,0,0,0,NA,0
"2510",0,0,0,0,0,0,0,NA,NA
"125",0,0,0,0,0,0,0,0,NA
"1666",0,0,0,0,0,45,1,NA,0
"357",0,0,0,18,0,0,1,NA,1
"2384",0,0,0,0,0,0,0,0,NA
"2136",6,0,0,0,0,0,0,0,1
"2838",0,0,0,0,1,0,1,1,0
"1579",0,0,0,0,0,0,0,NA,NA
"2713",0,0,0,0,5,0,1,1,0
"1633",0,0,68,0,0,0,1,NA,0
"1275",0,0,0,0,0,0,0,0,NA
"597",4,0,0,0,0,0,0,NA,0
"361",0,0,0,0,0,0,0,NA,NA
"2412",0,0,0,0,0,0,0,NA,NA
"1048",0,0,0,0,0,0,0,NA,NA
"1973",0,0,10,0,0,0,0,NA,0
"210",0,0,25,0,0,0,0,NA,0
"2289",0,0,0,0,15,0,1,0,0
"44",0,0,0,0,0,0,0,NA,NA
"235",60,0,0,0,0,0,0,NA,0
"2693",45,0,0,0,0,0,0,NA,0
"1255",5,0,0,0,0,0,0,NA,0
"2625",0,0,0,0,0,0,0,NA,NA
"2386",0,0,0,0,0,0,0,NA,NA
"2319",0,0,0,0,0,0,0,NA,NA
"2075",0,0,10,0,0,0,0,NA,0
"111",30,0,0,0,0,0,1,1,0
"626",0,0,0,0,0,0,0,NA,NA
"1727",0,0,0,0,0,0,0,NA,NA
"984",0,0,0,0,0,0,0,NA,NA
"1747",0,0,0,0,0,0,0,NA,NA
"715",68,0,0,0,0,0,0,NA,0
"142",30,0,0,0,0,0,1,NA,0
"527",0,0,0,0,0,0,0,NA,NA
"2456",0,0,0,0,0,0,0,0,NA
"1921",180,0,0,0,0,0,1,1,0
"1125",30,0,0,0,0,0,0,NA,0
"2304",0,0,0,0,0,0,0,NA,NA
"2245",0,0,0,0,0,0,0,NA,NA
"1572",0,0,0,0,0,0,0,NA,NA
"763",0,0,0,0,0,0,1,1,NA
"871",45,0,0,0,0,0,1,NA,0
"1019",0,0,0,0,0,0,0,NA,NA
"2235",45,0,0,0,0,0,1,NA,NA
"743",0,0,15,0,0,0,1,NA,0
"1511",0,0,0,0,0,0,1,1,NA
"2816",0,0,0,0,0,0,0,0,NA
"7",0,0,0,0,0,0,0,NA,NA
"1351",0,0,3,0,0,0,0,NA,0
"1339",0,0,0,0,0,0,0,NA,NA
"2074",0,0,0,0,0,0,0,NA,NA
"786",15,0,0,0,0,0,1,NA,0
"2741",70,0,0,0,0,0,0,NA,0
"2599",0,0,0,0,0,0,0,NA,NA
"170",0,0,0,0,0,0,0,NA,NA
"375",0,0,0,0,0,0,0,NA,NA
"2690",0,0,0,0,0,0,0,NA,NA
"952",10,0,0,0,0,0,0,NA,0
"2143",0,0,0,0,0,0,0,NA,NA
"225",0,0,0,0,0,0,0,NA,NA
"2652",0,0,0,0,5,0,1,NA,0
"1485",0,68,0,0,0,0,1,NA,0
"1968",0,0,0,0,0,0,0,NA,0
"459",0,0,0,0,0,0,0,NA,NA
"1340",30,0,0,0,0,0,1,NA,0
"2555",0,0,20,0,0,0,1,NA,0
"2547",46,0,0,0,0,0,0,NA,0
"1257",0,0,0,0,0,0,0,NA,NA
"1237",0,0,0,0,0,3,0,NA,0
"1870",0,0,0,0,0,15,0,NA,0
"1408",NA,0,0,0,0,0,0,NA,0
"2798",0,0,0,0,0,0,0,NA,NA
"2432",0,0,0,0,0,0,1,NA,0
"2155",0,0,0,0,0,0,0,NA,NA
"2745",15,0,0,0,0,0,0,NA,0
"2732",68,0,0,0,0,0,1,0,1
"2005",0,113,0,0,0,0,1,NA,0
"1295",0,0,0,0,0,0,0,NA,NA
"2591",0,0,0,0,0,20,0,NA,0
"508",0,0,0,1,0,0,0,NA,0
"2145",0,0,0,0,0,0,0,0,NA
"1420",0,0,0,0,0,0,0,NA,NA
"2195",0,0,0,10,0,0,1,NA,0
"455",0,0,0,0,0,0,0,NA,NA
"264",0,0,0,0,0,1,0,0,0
"277",0,0,0,0,0,0,1,1,NA
"2202",3,0,0,0,0,0,0,NA,0
"2056",30,0,0,0,0,0,0,NA,0
"2498",5,0,0,0,0,0,0,NA,0
"386",4,0,0,0,0,0,1,NA,0
"2674",5,0,0,0,0,0,0,0,1
"491",0,0,0,0,0,3,0,NA,0
"949",10,0,0,0,0,0,1,NA,0
"122",45,0,0,0,0,0,1,NA,0
"1121",0,0,5,0,0,0,0,NA,0
"1924",0,0,0,0,0,0,0,NA,NA
"2774",0,0,0,0,0,0,1,1,NA
"1457",0,0,0,0,0,0,0,0,NA
"876",135,0,0,0,0,0,0,NA,0
"928",0,4,0,0,0,0,0,NA,0
"1482",2,0,0,0,0,0,0,NA,0
"1034",20,0,0,0,0,0,0,NA,0
"2039",0,0,0,0,0,0,0,NA,NA
"2229",0,0,0,0,0,0,0,0,NA
"1791",25,0,0,0,0,0,0,NA,1
"904",0,0,0,6,0,0,0,NA,0
"1650",23,0,0,0,0,0,1,NA,0
"656",0,0,0,0,0,0,0,NA,NA
"450",0,0,0,0,0,0,0,NA,NA
"1046",0,0,0,0,0,0,0,NA,NA
"2700",0,0,0,0,0,0,0,NA,NA
"2739",60,0,0,0,0,0,0,NA,0
"2802",0,70,0,0,0,0,1,NA,0
"2219",0,0,0,0,0,0,0,NA,NA
"1479",0,0,0,0,0,0,0,NA,NA
"645",0,0,0,0,0,0,0,NA,NA
"410",23,0,0,0,0,0,0,NA,0
"66",0,90,0,0,0,0,1,NA,1
"1061",3,0,0,0,0,0,1,NA,0
"533",0,0,0,0,0,0,0,NA,NA
"614",0,55,0,0,0,0,1,NA,0
"1398",0,0,0,0,0,0,0,NA,NA
"240",0,0,0,0,0,0,0,NA,NA
"860",5,0,0,0,0,0,1,NA,0
"335",0,0,0,0,10,0,1,0,0
"1645",0,0,0,0,0,0,0,0,NA
"2130",0,0,0,0,0,0,0,NA,NA
"2757",0,0,0,0,0,0,1,1,NA
"1667",0,0,0,0,0,0,0,NA,NA
"1025",0,0,0,0,0,0,0,NA,NA
"1264",0,0,0,0,0,0,0,NA,NA
"1217",0,0,0,0,0,0,0,NA,NA
"2418",0,0,0,0,0,0,0,NA,NA
"635",0,60,0,0,0,0,1,NA,NA
"90",0,30,0,0,0,0,1,NA,0
"458",0,0,0,0,0,0,0,NA,NA
"1509",0,0,0,0,0,0,1,1,NA
"417",135,0,0,0,0,0,0,NA,0
"452",0,0,0,0,0,0,0,NA,NA
"2356",0,0,0,0,0,0,0,0,NA
"2221",0,0,0,0,0,0,0,NA,NA
"5",0,0,0,0,0,0,0,NA,NA
"208",0,0,0,10,0,0,0,NA,0
"1356",0,0,0,0,0,0,1,NA,0
"2615",0,0,0,0,0,0,0,NA,NA
"71",25,0,0,0,0,0,1,0,0
"1138",15,0,0,0,0,0,0,NA,0
"1366",0,0,0,0,0,0,0,NA,NA
"624",0,0,0,0,0,0,1,1,NA
"1024",315,0,0,0,0,0,0,NA,0
"1945",0,0,0,0,0,0,0,NA,NA
"1682",0,0,0,0,0,0,0,NA,NA
"516",10,0,0,0,0,0,0,0,0
"2575",0,0,0,0,0,0,0,NA,NA
"2534",30,0,0,0,0,0,0,NA,0
"1101",0,0,0,0,0,NA,0,NA,0
"482",0,0,0,0,0,0,0,NA,NA
"1755",5,0,0,0,0,0,0,NA,0
"348",0,0,0,0,0,0,0,NA,NA
"1375",0,0,0,0,0,0,0,NA,NA
"37",0,0,0,0,0,0,0,NA,NA
"2372",0,0,0,0,0,0,0,NA,NA
"2306",0,0,0,0,0,0,0,NA,NA
"2462",0,0,0,0,0,0,0,NA,NA
"1738",6,0,0,0,0,0,0,NA,0
"2053",0,0,0,0,0,0,0,NA,NA
"2001",0,0,0,0,0,0,0,0,NA
"731",0,90,0,0,0,0,1,NA,0
"1087",10,0,0,0,0,0,0,NA,0
"341",4,0,0,0,0,0,0,NA,0
"1469",0,0,0,0,0,0,0,NA,NA
"2061",0,0,135,0,0,0,1,NA,0
"769",0,0,0,0,0,0,1,1,NA
"2744",0,0,0,0,0,0,0,NA,NA
"1387",0,0,0,0,0,0,0,0,NA
"2368",0,0,0,0,0,0,0,NA,NA
"2392",0,0,0,0,0,0,0,0,NA
"2390",15,0,0,0,0,0,0,NA,0
"2435",0,0,0,0,0,0,0,NA,NA
"845",10,0,0,0,0,0,0,NA,0
"1332",0,0,0,0,0,0,0,NA,NA
"400",5,0,0,0,0,0,0,NA,0
"1632",0,0,0,0,0,0,0,NA,NA
"396",0,0,0,0,0,0,0,NA,NA
"889",0,0,0,0,0,0,0,NA,NA
"35",5,0,0,0,0,0,0,NA,0
"1950",0,0,0,0,0,0,0,NA,NA
"739",0,0,0,0,0,0,0,NA,NA
"1784",23,0,0,0,0,0,0,NA,0
"337",0,0,0,0,0,0,0,NA,NA
"2131",0,0,0,0,0,0,0,NA,NA
"566",0,0,0,0,0,0,1,NA,NA
"1016",20,0,0,0,0,0,0,NA,0
"1797",0,0,0,0,0,0,0,NA,NA
"1739",NA,0,0,0,0,0,0,NA,1
"2677",20,0,0,0,0,0,0,NA,0
"500",0,0,0,0,0,0,0,NA,NA
"1015",0,0,0,0,0,0,1,NA,0
"1026",10,0,0,0,0,0,1,NA,0
"1765",0,0,0,0,0,0,0,NA,NA
"2457",0,0,30,0,0,0,1,NA,0
"808",0,0,0,0,0,0,0,NA,NA
"1551",135,0,0,0,0,0,1,NA,0
"2852",0,0,0,0,0,0,0,NA,NA
"1128",0,0,0,0,0,0,1,NA,0
"421",0,0,0,0,30,0,0,NA,0
"2270",15,0,0,0,0,0,1,1,0
"353",0,0,0,0,0,0,0,NA,NA
"1006",0,0,2,0,0,0,1,NA,0
"2140",0,0,0,0,0,0,1,1,NA
"2696",0,0,0,0,0,0,0,NA,NA
"2655",0,0,0,0,0,0,0,NA,NA
"2249",NA,0,0,0,0,0,0,NA,0
"505",0,0,0,0,0,0,0,NA,0
"1775",0,0,0,0,0,0,0,NA,NA
"343",0,0,0,0,5,0,0,NA,0
"853",0,0,0,0,0,0,0,NA,NA
"517",0,0,0,0,15,0,1,NA,0
"1873",0,0,0,0,0,0,0,NA,NA
"1976",12,0,0,0,0,0,1,0,0
"1703",0,0,0,0,0,0,0,NA,NA
"497",0,0,0,0,0,10,0,NA,0
"578",0,0,0,0,0,0,0,0,NA
"2593",113,0,0,0,0,0,0,NA,0
"2834",7,0,0,0,0,0,1,NA,0
"1963",0,0,0,0,0,0,0,NA,NA
"2843",12,0,0,0,0,0,0,NA,0
"1131",0,0,0,0,0,0,0,0,NA
"1440",0,0,0,0,0,0,0,NA,NA
"1854",40,0,0,0,0,0,1,NA,0
"1073",30,0,0,0,0,0,0,NA,1
"1120",0,0,20,0,0,0,1,NA,0
"1462",45,0,0,0,0,0,0,NA,0
"1841",225,0,0,0,0,0,0,NA,0
"2331",0,0,0,0,8,0,0,NA,0
"939",0,0,0,0,0,0,0,NA,NA
"1223",0,0,0,0,0,0,0,NA,NA
"1758",0,0,0,0,0,0,1,1,NA
"2812",0,0,0,0,0,0,0,0,NA
"666",0,0,0,0,0,0,0,NA,NA
"950",0,0,0,0,3,0,1,NA,0
"688",0,0,10,0,0,0,1,NA,0
"1592",15,0,0,0,0,0,1,NA,0
"1905",0,0,0,0,0,0,0,NA,NA
"2387",0,0,0,0,0,0,1,1,NA
"2425",0,0,0,0,0,0,0,NA,NA
"2308",0,0,0,0,0,0,0,NA,NA
"915",0,0,0,0,0,0,0,NA,NA
"87",0,0,0,0,0,0,1,1,NA
"622",180,0,0,0,0,0,0,NA,1
"2141",40,0,0,0,0,0,0,NA,0
"806",0,0,0,0,0,0,0,NA,NA
"1969",0,0,0,0,0,0,0,0,NA
"2089",60,0,0,0,0,0,0,NA,0
"1636",0,0,0,0,0,0,0,NA,NA
"1631",2,0,0,0,0,0,1,NA,0
"2469",0,0,0,0,0,0,0,NA,NA
"1480",0,0,0,0,0,0,0,NA,NA
"787",0,0,0,0,0,0,0,NA,NA
"1252",0,0,0,0,0,0,0,NA,NA
"404",0,0,0,0,0,0,0,NA,NA
"2274",6,0,0,0,0,0,0,NA,NA
"1144",0,0,0,0,0,0,0,NA,NA
"2100",12,0,0,0,0,0,1,NA,0
"2021",0,0,0,0,5,0,0,NA,1
"310",0,0,0,0,0,0,0,NA,NA
"1320",45,0,0,0,0,0,0,NA,0
"2808",0,0,4,0,0,0,0,NA,0
"1837",0,0,0,0,0,0,0,NA,NA
"1463",30,0,0,0,0,0,0,NA,0
"2776",0,0,0,0,0,0,0,NA,NA
"545",45,0,0,0,0,0,1,NA,0
"2413",0,0,0,0,0,0,0,NA,NA
"2525",0,0,0,0,0,0,0,NA,NA
"2626",0,0,0,0,0,0,0,NA,NA
"892",0,0,0,0,28,0,1,NA,0
"1566",0,0,0,0,0,0,0,NA,NA
"615",4,0,0,0,0,0,1,NA,0
"1070",0,0,0,0,0,5,0,NA,0
"15",0,0,0,0,0,0,0,NA,NA
"1874",0,0,0,0,0,0,0,NA,NA
"162",5,0,0,0,0,0,1,0,0
"2376",0,0,90,0,0,0,1,NA,1
"2828",0,0,0,0,0,20,1,NA,0
"995",0,0,0,0,0,0,0,NA,NA
"1541",90,0,0,0,0,0,0,NA,1
"1644",0,0,0,0,0,0,0,NA,NA
"2",0,0,5,0,0,0,1,NA,0
"706",0,0,5,0,0,0,0,NA,0
"2589",30,0,0,0,0,0,0,NA,NA
"1076",0,0,0,0,0,0,0,NA,NA
"359",0,0,0,0,0,0,0,NA,NA
"2110",0,0,0,0,30,0,1,NA,0
"1039",0,0,0,0,0,0,0,NA,NA
"12",40,0,0,0,0,0,1,NA,0
"2430",17,0,0,0,0,0,1,NA,0
"627",0,0,0,0,0,0,1,NA,NA
"894",0,0,20,0,0,0,0,NA,0
"1183",0,0,5,0,0,0,1,NA,0
"2641",0,0,0,0,0,20,1,0,0
"1554",0,0,0,0,0,0,0,NA,NA
"2161",30,0,0,0,0,0,0,NA,0
"671",0,0,0,0,0,4,0,NA,0
